day_index,day_of_week,is_weekend,hour,time_window,mins_to_next_train,is_festival,zone_id,zone_type,base_capacity,historical_station_flow_anchor,estimated_zone_flow,crowd_score,crowd_level,data_status
1,0,0,8,08:00-09:00,9,0,PF5,platform,600,46473,7455,65.82,HIGH,CALIBRATED_SYNTHETIC_PROTOTYPE
1,0,0,8,08:00-09:00,7,0,PF11,platform,600,46473,7100,63.36,HIGH,CALIBRATED_SYNTHETIC_PROTOTYPE
1,0,0,8,08:00-09:00,4,0,FOB_CENTRAL,bridge,280,46473,9903,80.54,VERY HIGH,CALIBRATED_SYNTHETIC_PROTOTYPE
1,0,0,8,08:00-09:00,2,0,FOB_SOUTH,bridge,280,46473,8949,76.69,HIGH,CALIBRATED_SYNTHETIC_PROTOTYPE
1,0,0,8,08:00-09:00,12,0,EAST_SKYWALK,bridge,280,46473,5822,49.59,MODERATE,CALIBRATED_SYNTHETIC_PROTOTYPE
1,0,0,8,08:00-09:00,12,0,STAIRS_SOUTH,staircase,150,46473,8662,71.3,HIGH,CALIBRATED_SYNTHETIC_PROTOTYPE
1,0,0,9,09:00-10:00,7,0,PF5,platform,600,52261,8384,79.5,HIGH,CALIBRATED_SYNTHETIC_PROTOTYPE
1,0,0,9,09:00-10:00,5,0,PF11,platform,600,52261,8567,79.05,HIGH,CALIBRATED_SYNTHETIC_PROTOTYPE
1,0,0,9,09:00-10:00,5,0,FOB_CENTRAL,bridge,280,52261,11137,98.0,VERY HIGH,CALIBRATED_SYNTHETIC_PROTOTYPE
1,0,0,9,09:00-10:00,12,0,FOB_SOUTH,bridge,280,52261,8783,78.26,HIGH,CALIBRATED_SYNTHETIC_PROTOTYPE
1,0,0,9,09:00-10:00,2,0,EAST_SKYWALK,bridge,280,52261,7502,66.17,HIGH,CALIBRATED_SYNTHETIC_PROTOTYPE
1,0,0,9,09:00-10:00,7,0,STAIRS_SOUTH,staircase,150,52261,9741,92.29,VERY HIGH,CALIBRATED_SYNTHETIC_PROTOTYPE
1,0,0,10,10:00-11:00,4,0,PF5,platform,600,47359,8151,69.88,HIGH,CALIBRATED_SYNTHETIC_PROTOTYPE
1,0,0,10,10:00-11:00,9,0,PF11,platform,600,47359,7236,60.48,HIGH,CALIBRATED_SYNTHETIC_PROTOTYPE
1,0,0,10,10:00-11:00,2,0,FOB_CENTRAL,bridge,280,47359,10778,92.67,VERY HIGH,CALIBRATED_SYNTHETIC_PROTOTYPE
1,0,0,10,10:00-11:00,15,0,FOB_SOUTH,bridge,280,47359,7959,67.49,HIGH,CALIBRATED_SYNTHETIC_PROTOTYPE
1,0,0,10,10:00-11:00,12,0,EAST_SKYWALK,bridge,280,47359,5933,52.87,MODERATE,CALIBRATED_SYNTHETIC_PROTOTYPE
1,0,0,10,10:00-11:00,4,0,STAIRS_SOUTH,staircase,150,47359,9471,82.94,VERY HIGH,CALIBRATED_SYNTHETIC_PROTOTYPE
1,0,0,11,11:00-12:00,7,0,PF5,platform,600,38983,6254,47.27,MODERATE,CALIBRATED_SYNTHETIC_PROTOTYPE
1,0,0,11,11:00-12:00,4,0,PF11,platform,600,38983,6390,53.4,MODERATE,CALIBRATED_SYNTHETIC_PROTOTYPE
1,0,0,11,11:00-12:00,5,0,FOB_CENTRAL,bridge,280,38983,8307,59.53,MODERATE,CALIBRATED_SYNTHETIC_PROTOTYPE
1,0,0,11,11:00-12:00,15,0,FOB_SOUTH,bridge,280,38983,6552,45.72,MODERATE,CALIBRATED_SYNTHETIC_PROTOTYPE
1,0,0,11,11:00-12:00,2,0,EAST_SKYWALK,bridge,280,38983,5596,44.53,MODERATE,CALIBRATED_SYNTHETIC_PROTOTYPE
1,0,0,11,11:00-12:00,7,0,STAIRS_SOUTH,staircase,150,38983,7266,53.08,MODERATE,CALIBRATED_SYNTHETIC_PROTOTYPE
1,0,0,12,12:00-13:00,9,0,PF5,platform,600,34360,5512,32.64,MODERATE,CALIBRATED_SYNTHETIC_PROTOTYPE
1,0,0,12,12:00-13:00,7,0,PF11,platform,600,34360,5250,35.39,MODERATE,CALIBRATED_SYNTHETIC_PROTOTYPE
1,0,0,12,12:00-13:00,15,0,FOB_CENTRAL,bridge,280,34360,6824,45.11,MODERATE,CALIBRATED_SYNTHETIC_PROTOTYPE
1,0,0,12,12:00-13:00,7,0,FOB_SOUTH,bridge,280,34360,5775,34.79,MODERATE,CALIBRATED_SYNTHETIC_PROTOTYPE
1,0,0,12,12:00-13:00,7,0,EAST_SKYWALK,bridge,280,34360,4305,27.77,LOW,CALIBRATED_SYNTHETIC_PROTOTYPE
1,0,0,12,12:00-13:00,12,0,STAIRS_SOUTH,staircase,150,34360,6405,41.46,MODERATE,CALIBRATED_SYNTHETIC_PROTOTYPE
1,0,0,13,13:00-14:00,4,0,PF5,platform,600,32337,5566,33.25,MODERATE,CALIBRATED_SYNTHETIC_PROTOTYPE
1,0,0,13,13:00-14:00,9,0,PF11,platform,600,32337,4941,30.95,MODERATE,CALIBRATED_SYNTHETIC_PROTOTYPE
1,0,0,13,13:00-14:00,12,0,FOB_CENTRAL,bridge,280,32337,6423,38.46,MODERATE,CALIBRATED_SYNTHETIC_PROTOTYPE
1,0,0,13,13:00-14:00,2,0,FOB_SOUTH,bridge,280,32337,6227,38.34,MODERATE,CALIBRATED_SYNTHETIC_PROTOTYPE
1,0,0,13,13:00-14:00,7,0,EAST_SKYWALK,bridge,280,32337,4051,22.75,LOW,CALIBRATED_SYNTHETIC_PROTOTYPE
1,0,0,13,13:00-14:00,9,0,STAIRS_SOUTH,staircase,150,32337,6027,33.87,MODERATE,CALIBRATED_SYNTHETIC_PROTOTYPE
1,0,0,14,14:00-15:00,7,0,PF5,platform,600,31476,5049,27.52,LOW,CALIBRATED_SYNTHETIC_PROTOTYPE
1,0,0,14,14:00-15:00,7,0,PF11,platform,600,31476,4809,31.48,MODERATE,CALIBRATED_SYNTHETIC_PROTOTYPE
1,0,0,14,14:00-15:00,7,0,FOB_CENTRAL,bridge,280,31476,6252,37.99,MODERATE,CALIBRATED_SYNTHETIC_PROTOTYPE
1,0,0,14,14:00-15:00,9,0,FOB_SOUTH,bridge,280,31476,5290,24.64,LOW,CALIBRATED_SYNTHETIC_PROTOTYPE
1,0,0,14,14:00-15:00,2,0,EAST_SKYWALK,bridge,280,31476,4518,25.85,LOW,CALIBRATED_SYNTHETIC_PROTOTYPE
1,0,0,14,14:00-15:00,12,0,STAIRS_SOUTH,staircase,150,31476,5867,34.69,MODERATE,CALIBRATED_SYNTHETIC_PROTOTYPE
1,0,0,15,15:00-16:00,2,0,PF5,platform,600,33205,6104,39.51,MODERATE,CALIBRATED_SYNTHETIC_PROTOTYPE
1,0,0,15,15:00-16:00,7,0,PF11,platform,600,33205,5073,29.81,LOW,CALIBRATED_SYNTHETIC_PROTOTYPE
1,0,0,15,15:00-16:00,5,0,FOB_CENTRAL,bridge,280,33205,7076,45.62,MODERATE,CALIBRATED_SYNTHETIC_PROTOTYPE
1,0,0,15,15:00-16:00,7,0,FOB_SOUTH,bridge,280,33205,5580,33.37,MODERATE,CALIBRATED_SYNTHETIC_PROTOTYPE
1,0,0,15,15:00-16:00,15,0,EAST_SKYWALK,bridge,280,33205,4160,21.9,LOW,CALIBRATED_SYNTHETIC_PROTOTYPE
1,0,0,15,15:00-16:00,12,0,STAIRS_SOUTH,staircase,150,33205,6189,34.89,MODERATE,CALIBRATED_SYNTHETIC_PROTOTYPE
1,0,0,16,16:00-17:00,12,0,PF5,platform,600,36669,5883,40.97,MODERATE,CALIBRATED_SYNTHETIC_PROTOTYPE
1,0,0,16,16:00-17:00,4,0,PF11,platform,600,36669,6011,43.5,MODERATE,CALIBRATED_SYNTHETIC_PROTOTYPE
1,0,0,16,16:00-17:00,2,0,FOB_CENTRAL,bridge,280,36669,8345,57.99,MODERATE,CALIBRATED_SYNTHETIC_PROTOTYPE
1,0,0,16,16:00-17:00,7,0,FOB_SOUTH,bridge,280,36669,6163,44.35,MODERATE,CALIBRATED_SYNTHETIC_PROTOTYPE
1,0,0,16,16:00-17:00,5,0,EAST_SKYWALK,bridge,280,36669,4929,35.34,MODERATE,CALIBRATED_SYNTHETIC_PROTOTYPE
1,0,0,16,16:00-17:00,5,0,STAIRS_SOUTH,staircase,150,36669,7333,48.55,MODERATE,CALIBRATED_SYNTHETIC_PROTOTYPE
1,0,0,17,17:00-18:00,5,0,PF5,platform,600,44761,7704,62.74,HIGH,CALIBRATED_SYNTHETIC_PROTOTYPE
1,0,0,17,17:00-18:00,2,0,PF11,platform,600,44761,7836,61.39,HIGH,CALIBRATED_SYNTHETIC_PROTOTYPE
1,0,0,17,17:00-18:00,9,0,FOB_CENTRAL,bridge,280,44761,8890,72.32,HIGH,CALIBRATED_SYNTHETIC_PROTOTYPE
1,0,0,17,17:00-18:00,7,0,FOB_SOUTH,bridge,280,44761,7523,62.42,HIGH,CALIBRATED_SYNTHETIC_PROTOTYPE
1,0,0,17,17:00-18:00,15,0,EAST_SKYWALK,bridge,280,44761,5608,47.84,MODERATE,CALIBRATED_SYNTHETIC_PROTOTYPE
1,0,0,17,17:00-18:00,4,0,STAIRS_SOUTH,staircase,150,44761,8952,76.23,HIGH,CALIBRATED_SYNTHETIC_PROTOTYPE
1,0,0,18,18:00-19:00,4,0,PF5,platform,600,54869,9444,88.09,VERY HIGH,CALIBRATED_SYNTHETIC_PROTOTYPE
1,0,0,18,18:00-19:00,5,0,PF11,platform,600,54869,8994,84.87,VERY HIGH,CALIBRATED_SYNTHETIC_PROTOTYPE
1,0,0,18,18:00-19:00,9,0,FOB_CENTRAL,bridge,280,54869,10898,98.0,VERY HIGH,CALIBRATED_SYNTHETIC_PROTOTYPE
1,0,0,18,18:00-19:00,5,0,FOB_SOUTH,bridge,280,54869,9894,89.65,VERY HIGH,CALIBRATED_SYNTHETIC_PROTOTYPE
1,0,0,18,18:00-19:00,5,0,EAST_SKYWALK,bridge,280,54869,7375,70.99,HIGH,CALIBRATED_SYNTHETIC_PROTOTYPE
1,0,0,18,18:00-19:00,15,0,STAIRS_SOUTH,staircase,150,54869,10227,94.06,VERY HIGH,CALIBRATED_SYNTHETIC_PROTOTYPE
1,0,0,19,19:00-20:00,7,0,PF5,platform,600,53423,8570,83.79,VERY HIGH,CALIBRATED_SYNTHETIC_PROTOTYPE
1,0,0,19,19:00-20:00,4,0,PF11,platform,600,53423,8757,80.57,VERY HIGH,CALIBRATED_SYNTHETIC_PROTOTYPE
1,0,0,19,19:00-20:00,4,0,FOB_CENTRAL,bridge,280,53423,11384,98.0,VERY HIGH,CALIBRATED_SYNTHETIC_PROTOTYPE
1,0,0,19,19:00-20:00,12,0,FOB_SOUTH,bridge,280,53423,8978,83.08,VERY HIGH,CALIBRATED_SYNTHETIC_PROTOTYPE
1,0,0,19,19:00-20:00,2,0,EAST_SKYWALK,bridge,280,53423,7669,70.48,HIGH,CALIBRATED_SYNTHETIC_PROTOTYPE
1,0,0,19,19:00-20:00,2,0,STAIRS_SOUTH,staircase,150,53423,11410,98.0,VERY HIGH,CALIBRATED_SYNTHETIC_PROTOTYPE
1,0,0,20,20:00-21:00,9,0,PF5,platform,600,41289,6624,52.69,MODERATE,CALIBRATED_SYNTHETIC_PROTOTYPE
1,0,0,20,20:00-21:00,4,0,PF11,platform,600,41289,6768,53.23,MODERATE,CALIBRATED_SYNTHETIC_PROTOTYPE
1,0,0,20,20:00-21:00,7,0,FOB_CENTRAL,bridge,280,41289,8201,59.29,MODERATE,CALIBRATED_SYNTHETIC_PROTOTYPE
1,0,0,20,20:00-21:00,4,0,FOB_SOUTH,bridge,280,41289,7445,57.98,MODERATE,CALIBRATED_SYNTHETIC_PROTOTYPE
1,0,0,20,20:00-21:00,7,0,EAST_SKYWALK,bridge,280,41289,5173,40.83,MODERATE,CALIBRATED_SYNTHETIC_PROTOTYPE
1,0,0,20,20:00-21:00,12,0,STAIRS_SOUTH,staircase,150,41289,7696,59.78,MODERATE,CALIBRATED_SYNTHETIC_PROTOTYPE
1,0,0,21,21:00-22:00,2,0,PF5,platform,600,29162,5360,25.53,LOW,CALIBRATED_SYNTHETIC_PROTOTYPE
1,0,0,21,21:00-22:00,9,0,PF11,platform,600,29162,4455,18.74,LOW,CALIBRATED_SYNTHETIC_PROTOTYPE
1,0,0,21,21:00-22:00,12,0,FOB_CENTRAL,bridge,280,29162,5792,29.02,LOW,CALIBRATED_SYNTHETIC_PROTOTYPE
1,0,0,21,21:00-22:00,5,0,FOB_SOUTH,bridge,280,29162,5258,29.82,LOW,CALIBRATED_SYNTHETIC_PROTOTYPE
1,0,0,21,21:00-22:00,4,0,EAST_SKYWALK,bridge,280,29162,3920,20.26,LOW,CALIBRATED_SYNTHETIC_PROTOTYPE
1,0,0,21,21:00-22:00,5,0,STAIRS_SOUTH,staircase,150,29162,5832,32.94,MODERATE,CALIBRATED_SYNTHETIC_PROTOTYPE
2,1,0,8,08:00-09:00,12,0,PF5,platform,600,46473,7294,59.41,MODERATE,CALIBRATED_SYNTHETIC_PROTOTYPE
2,1,0,8,08:00-09:00,4,0,PF11,platform,600,46473,7453,62.38,HIGH,CALIBRATED_SYNTHETIC_PROTOTYPE
2,1,0,8,08:00-09:00,7,0,FOB_CENTRAL,bridge,280,46473,9031,78.91,HIGH,CALIBRATED_SYNTHETIC_PROTOTYPE
2,1,0,8,08:00-09:00,5,0,FOB_SOUTH,bridge,280,46473,8198,69.24,HIGH,CALIBRATED_SYNTHETIC_PROTOTYPE
2,1,0,8,08:00-09:00,4,0,EAST_SKYWALK,bridge,280,46473,6112,49.06,MODERATE,CALIBRATED_SYNTHETIC_PROTOTYPE
2,1,0,8,08:00-09:00,15,0,STAIRS_SOUTH,staircase,150,46473,8475,73.2,HIGH,CALIBRATED_SYNTHETIC_PROTOTYPE
2,1,0,9,09:00-10:00,2,0,PF5,platform,600,52261,9399,92.49,VERY HIGH,CALIBRATED_SYNTHETIC_PROTOTYPE
2,1,0,9,09:00-10:00,2,0,PF11,platform,600,52261,8951,91.13,VERY HIGH,CALIBRATED_SYNTHETIC_PROTOTYPE
2,1,0,9,09:00-10:00,7,0,FOB_CENTRAL,bridge,280,52261,10155,90.5,VERY HIGH,CALIBRATED_SYNTHETIC_PROTOTYPE
2,1,0,9,09:00-10:00,15,0,FOB_SOUTH,bridge,280,52261,8593,72.69,HIGH,CALIBRATED_SYNTHETIC_PROTOTYPE
2,1,0,9,09:00-10:00,12,0,EAST_SKYWALK,bridge,280,52261,6406,56.52,MODERATE,CALIBRATED_SYNTHETIC_PROTOTYPE
2,1,0,9,09:00-10:00,4,0,STAIRS_SOUTH,staircase,150,52261,10225,92.87,VERY HIGH,CALIBRATED_SYNTHETIC_PROTOTYPE
2,1,0,10,10:00-11:00,12,0,PF5,platform,600,47359,7433,63.81,HIGH,CALIBRATED_SYNTHETIC_PROTOTYPE
2,1,0,10,10:00-11:00,7,0,PF11,platform,600,47359,7079,64.37,HIGH,CALIBRATED_SYNTHETIC_PROTOTYPE
2,1,0,10,10:00-11:00,2,0,FOB_CENTRAL,bridge,280,47359,10545,90.64,VERY HIGH,CALIBRATED_SYNTHETIC_PROTOTYPE
2,1,0,10,10:00-11:00,15,0,FOB_SOUTH,bridge,280,47359,7787,64.18,HIGH,CALIBRATED_SYNTHETIC_PROTOTYPE
2,1,0,10,10:00-11:00,5,0,EAST_SKYWALK,bridge,280,47359,6228,52.36,MODERATE,CALIBRATED_SYNTHETIC_PROTOTYPE
2,1,0,10,10:00-11:00,2,0,STAIRS_SOUTH,staircase,150,47359,9896,85.35,VERY HIGH,CALIBRATED_SYNTHETIC_PROTOTYPE
2,1,0,11,11:00-12:00,12,0,PF5,platform,600,38983,6118,45.37,MODERATE,CALIBRATED_SYNTHETIC_PROTOTYPE
2,1,0,11,11:00-12:00,12,0,PF11,platform,600,38983,5827,45.79,MODERATE,CALIBRATED_SYNTHETIC_PROTOTYPE
2,1,0,11,11:00-12:00,9,0,FOB_CENTRAL,bridge,280,38983,7575,52.13,MODERATE,CALIBRATED_SYNTHETIC_PROTOTYPE
2,1,0,11,11:00-12:00,15,0,FOB_SOUTH,bridge,280,38983,6410,44.23,MODERATE,CALIBRATED_SYNTHETIC_PROTOTYPE
2,1,0,11,11:00-12:00,2,0,EAST_SKYWALK,bridge,280,38983,5475,46.63,MODERATE,CALIBRATED_SYNTHETIC_PROTOTYPE
2,1,0,11,11:00-12:00,7,0,STAIRS_SOUTH,staircase,150,38983,7109,49.8,MODERATE,CALIBRATED_SYNTHETIC_PROTOTYPE
2,1,0,12,12:00-13:00,7,0,PF5,platform,600,34360,5393,31.65,MODERATE,CALIBRATED_SYNTHETIC_PROTOTYPE
2,1,0,12,12:00-13:00,12,0,PF11,platform,600,34360,5136,35.51,MODERATE,CALIBRATED_SYNTHETIC_PROTOTYPE
2,1,0,12,12:00-13:00,9,0,FOB_CENTRAL,bridge,280,34360,6677,42.06,MODERATE,CALIBRATED_SYNTHETIC_PROTOTYPE
2,1,0,12,12:00-13:00,5,0,FOB_SOUTH,bridge,280,34360,6062,38.49,MODERATE,CALIBRATED_SYNTHETIC_PROTOTYPE
2,1,0,12,12:00-13:00,15,0,EAST_SKYWALK,bridge,280,34360,4212,28.17,LOW,CALIBRATED_SYNTHETIC_PROTOTYPE
2,1,0,12,12:00-13:00,15,0,STAIRS_SOUTH,staircase,150,34360,6266,38.55,MODERATE,CALIBRATED_SYNTHETIC_PROTOTYPE
2,1,0,13,13:00-14:00,5,0,PF5,platform,600,32337,5445,28.04,LOW,CALIBRATED_SYNTHETIC_PROTOTYPE
2,1,0,13,13:00-14:00,7,0,PF11,platform,600,32337,4834,28.81,LOW,CALIBRATED_SYNTHETIC_PROTOTYPE
2,1,0,13,13:00-14:00,2,0,FOB_CENTRAL,bridge,280,32337,7200,42.62,MODERATE,CALIBRATED_SYNTHETIC_PROTOTYPE
2,1,0,13,13:00-14:00,12,0,FOB_SOUTH,bridge,280,32337,5317,30.76,MODERATE,CALIBRATED_SYNTHETIC_PROTOTYPE
2,1,0,13,13:00-14:00,2,0,EAST_SKYWALK,bridge,280,32337,4542,30.5,MODERATE,CALIBRATED_SYNTHETIC_PROTOTYPE
2,1,0,13,13:00-14:00,7,0,STAIRS_SOUTH,staircase,150,32337,5897,35.17,MODERATE,CALIBRATED_SYNTHETIC_PROTOTYPE
2,1,0,14,14:00-15:00,5,0,PF5,platform,600,31476,5300,33.07,MODERATE,CALIBRATED_SYNTHETIC_PROTOTYPE
2,1,0,14,14:00-15:00,9,0,PF11,platform,600,31476,4705,27.69,LOW,CALIBRATED_SYNTHETIC_PROTOTYPE
2,1,0,14,14:00-15:00,12,0,FOB_CENTRAL,bridge,280,31476,6116,34.88,MODERATE,CALIBRATED_SYNTHETIC_PROTOTYPE
2,1,0,14,14:00-15:00,12,0,FOB_SOUTH,bridge,280,31476,5175,25.37,LOW,CALIBRATED_SYNTHETIC_PROTOTYPE
2,1,0,14,14:00-15:00,15,0,EAST_SKYWALK,bridge,280,31476,3858,26.61,LOW,CALIBRATED_SYNTHETIC_PROTOTYPE
2,1,0,14,14:00-15:00,4,0,STAIRS_SOUTH,staircase,150,31476,6159,39.74,MODERATE,CALIBRATED_SYNTHETIC_PROTOTYPE
2,1,0,15,15:00-16:00,15,0,PF5,platform,600,33205,5212,30.55,MODERATE,CALIBRATED_SYNTHETIC_PROTOTYPE
2,1,0,15,15:00-16:00,4,0,PF11,platform,600,33205,5325,36.78,MODERATE,CALIBRATED_SYNTHETIC_PROTOTYPE
2,1,0,15,15:00-16:00,12,0,FOB_CENTRAL,bridge,280,33205,6452,43.46,MODERATE,CALIBRATED_SYNTHETIC_PROTOTYPE
2,1,0,15,15:00-16:00,15,0,FOB_SOUTH,bridge,280,33205,5460,30.53,MODERATE,CALIBRATED_SYNTHETIC_PROTOTYPE
2,1,0,15,15:00-16:00,15,0,EAST_SKYWALK,bridge,280,33205,4070,23.57,LOW,CALIBRATED_SYNTHETIC_PROTOTYPE
2,1,0,15,15:00-16:00,12,0,STAIRS_SOUTH,staircase,150,33205,6055,36.82,MODERATE,CALIBRATED_SYNTHETIC_PROTOTYPE
2,1,0,16,16:00-17:00,7,0,PF5,platform,600,36669,5755,40.67,MODERATE,CALIBRATED_SYNTHETIC_PROTOTYPE
2,1,0,16,16:00-17:00,4,0,PF11,platform,600,36669,5881,44.75,MODERATE,CALIBRATED_SYNTHETIC_PROTOTYPE
2,1,0,16,16:00-17:00,4,0,FOB_CENTRAL,bridge,280,36669,7645,54.62,MODERATE,CALIBRATED_SYNTHETIC_PROTOTYPE
2,1,0,16,16:00-17:00,2,0,FOB_SOUTH,bridge,280,36669,6908,41.46,MODERATE,CALIBRATED_SYNTHETIC_PROTOTYPE
2,1,0,16,16:00-17:00,5,0,EAST_SKYWALK,bridge,280,36669,4822,30.7,MODERATE,CALIBRATED_SYNTHETIC_PROTOTYPE
2,1,0,16,16:00-17:00,7,0,STAIRS_SOUTH,staircase,150,36669,6687,42.43,MODERATE,CALIBRATED_SYNTHETIC_PROTOTYPE
2,1,0,17,17:00-18:00,5,0,PF5,platform,600,44761,7537,61.5,HIGH,CALIBRATED_SYNTHETIC_PROTOTYPE
2,1,0,17,17:00-18:00,4,0,PF11,platform,600,44761,7179,62.28,HIGH,CALIBRATED_SYNTHETIC_PROTOTYPE
2,1,0,17,17:00-18:00,2,0,FOB_CENTRAL,bridge,280,44761,9966,82.74,VERY HIGH,CALIBRATED_SYNTHETIC_PROTOTYPE
2,1,0,17,17:00-18:00,12,0,FOB_SOUTH,bridge,280,44761,7360,59.58,MODERATE,CALIBRATED_SYNTHETIC_PROTOTYPE
2,1,0,17,17:00-18:00,15,0,EAST_SKYWALK,bridge,280,44761,5486,48.51,MODERATE,CALIBRATED_SYNTHETIC_PROTOTYPE
2,1,0,17,17:00-18:00,5,0,STAIRS_SOUTH,staircase,150,44761,8758,74.24,HIGH,CALIBRATED_SYNTHETIC_PROTOTYPE
2,1,0,18,18:00-19:00,5,0,PF5,platform,600,54869,9240,86.97,VERY HIGH,CALIBRATED_SYNTHETIC_PROTOTYPE
2,1,0,18,18:00-19:00,15,0,PF11,platform,600,54869,8202,75.52,HIGH,CALIBRATED_SYNTHETIC_PROTOTYPE
2,1,0,18,18:00-19:00,7,0,FOB_CENTRAL,bridge,280,54869,10662,98.0,VERY HIGH,CALIBRATED_SYNTHETIC_PROTOTYPE
2,1,0,18,18:00-19:00,2,0,FOB_SOUTH,bridge,280,54869,10337,98.0,VERY HIGH,CALIBRATED_SYNTHETIC_PROTOTYPE
2,1,0,18,18:00-19:00,12,0,EAST_SKYWALK,bridge,280,54869,6725,63.91,HIGH,CALIBRATED_SYNTHETIC_PROTOTYPE
2,1,0,18,18:00-19:00,2,0,STAIRS_SOUTH,staircase,150,54869,11465,98.0,VERY HIGH,CALIBRATED_SYNTHETIC_PROTOTYPE
2,1,0,19,19:00-20:00,2,0,PF5,platform,600,53423,9607,95.19,VERY HIGH,CALIBRATED_SYNTHETIC_PROTOTYPE
2,1,0,19,19:00-20:00,15,0,PF11,platform,600,53423,7985,71.88,HIGH,CALIBRATED_SYNTHETIC_PROTOTYPE
2,1,0,19,19:00-20:00,12,0,FOB_CENTRAL,bridge,280,53423,10381,92.39,VERY HIGH,CALIBRATED_SYNTHETIC_PROTOTYPE
2,1,0,19,19:00-20:00,12,0,FOB_SOUTH,bridge,280,53423,8784,80.11,VERY HIGH,CALIBRATED_SYNTHETIC_PROTOTYPE
2,1,0,19,19:00-20:00,12,0,EAST_SKYWALK,bridge,280,53423,6548,64.66,HIGH,CALIBRATED_SYNTHETIC_PROTOTYPE
2,1,0,19,19:00-20:00,2,0,STAIRS_SOUTH,staircase,150,53423,11163,98.0,VERY HIGH,CALIBRATED_SYNTHETIC_PROTOTYPE
2,1,0,20,20:00-21:00,4,0,PF5,platform,600,41289,6953,47.5,MODERATE,CALIBRATED_SYNTHETIC_PROTOTYPE
2,1,0,20,20:00-21:00,12,0,PF11,platform,600,41289,6172,47.4,MODERATE,CALIBRATED_SYNTHETIC_PROTOTYPE
2,1,0,20,20:00-21:00,12,0,FOB_CENTRAL,bridge,280,41289,8023,60.66,HIGH,CALIBRATED_SYNTHETIC_PROTOTYPE
2,1,0,20,20:00-21:00,9,0,FOB_SOUTH,bridge,280,41289,6789,50.04,MODERATE,CALIBRATED_SYNTHETIC_PROTOTYPE
2,1,0,20,20:00-21:00,2,0,EAST_SKYWALK,bridge,280,41289,5799,39.72,MODERATE,CALIBRATED_SYNTHETIC_PROTOTYPE
2,1,0,20,20:00-21:00,9,0,STAIRS_SOUTH,staircase,150,41289,7529,54.02,MODERATE,CALIBRATED_SYNTHETIC_PROTOTYPE
2,1,0,21,21:00-22:00,7,0,PF5,platform,600,29162,4577,18.55,LOW,CALIBRATED_SYNTHETIC_PROTOTYPE
2,1,0,21,21:00-22:00,4,0,PF11,platform,600,29162,4677,19.61,LOW,CALIBRATED_SYNTHETIC_PROTOTYPE
2,1,0,21,21:00-22:00,12,0,FOB_CENTRAL,bridge,280,29162,5667,36.46,MODERATE,CALIBRATED_SYNTHETIC_PROTOTYPE
2,1,0,21,21:00-22:00,12,0,FOB_SOUTH,bridge,280,29162,4795,19.96,LOW,CALIBRATED_SYNTHETIC_PROTOTYPE
2,1,0,21,21:00-22:00,7,0,EAST_SKYWALK,bridge,280,29162,3574,18.53,LOW,CALIBRATED_SYNTHETIC_PROTOTYPE
2,1,0,21,21:00-22:00,9,0,STAIRS_SOUTH,staircase,150,29162,5318,31.22,MODERATE,CALIBRATED_SYNTHETIC_PROTOTYPE
3,2,0,8,08:00-09:00,15,0,PF5,platform,600,46473,7054,62.48,HIGH,CALIBRATED_SYNTHETIC_PROTOTYPE
3,2,0,8,08:00-09:00,4,0,PF11,platform,600,46473,7208,62.76,HIGH,CALIBRATED_SYNTHETIC_PROTOTYPE
3,2,0,8,08:00-09:00,4,0,FOB_CENTRAL,bridge,280,46473,9370,79.49,HIGH,CALIBRATED_SYNTHETIC_PROTOTYPE
3,2,0,8,08:00-09:00,4,0,FOB_SOUTH,bridge,280,46473,7928,63.48,HIGH,CALIBRATED_SYNTHETIC_PROTOTYPE
3,2,0,8,08:00-09:00,7,0,EAST_SKYWALK,bridge,280,46473,5509,46.17,MODERATE,CALIBRATED_SYNTHETIC_PROTOTYPE
3,2,0,8,08:00-09:00,2,0,STAIRS_SOUTH,staircase,150,46473,9391,80.77,VERY HIGH,CALIBRATED_SYNTHETIC_PROTOTYPE
3,2,0,9,09:00-10:00,12,0,PF5,platform,600,52261,7932,74.42,HIGH,CALIBRATED_SYNTHETIC_PROTOTYPE
3,2,0,9,09:00-10:00,2,0,PF11,platform,600,52261,8656,82.71,VERY HIGH,CALIBRATED_SYNTHETIC_PROTOTYPE
3,2,0,9,09:00-10:00,12,0,FOB_CENTRAL,bridge,280,52261,9821,91.45,VERY HIGH,CALIBRATED_SYNTHETIC_PROTOTYPE
3,2,0,9,09:00-10:00,5,0,FOB_SOUTH,bridge,280,52261,8916,82.22,VERY HIGH,CALIBRATED_SYNTHETIC_PROTOTYPE
3,2,0,9,09:00-10:00,12,0,EAST_SKYWALK,bridge,280,52261,6195,54.85,MODERATE,CALIBRATED_SYNTHETIC_PROTOTYPE
3,2,0,9,09:00-10:00,15,0,STAIRS_SOUTH,staircase,150,52261,9216,85.78,VERY HIGH,CALIBRATED_SYNTHETIC_PROTOTYPE
3,2,0,10,10:00-11:00,7,0,PF5,platform,600,47359,7188,70.56,HIGH,CALIBRATED_SYNTHETIC_PROTOTYPE
3,2,0,10,10:00-11:00,4,0,PF11,platform,600,47359,7345,69.75,HIGH,CALIBRATED_SYNTHETIC_PROTOTYPE
3,2,0,10,10:00-11:00,9,0,FOB_CENTRAL,bridge,280,47359,8900,78.06,HIGH,CALIBRATED_SYNTHETIC_PROTOTYPE
3,2,0,10,10:00-11:00,7,0,FOB_SOUTH,bridge,280,47359,7530,62.78,HIGH,CALIBRATED_SYNTHETIC_PROTOTYPE
3,2,0,10,10:00-11:00,2,0,EAST_SKYWALK,bridge,280,47359,6432,56.37,MODERATE,CALIBRATED_SYNTHETIC_PROTOTYPE
3,2,0,10,10:00-11:00,5,0,STAIRS_SOUTH,staircase,150,47359,8961,74.1,HIGH,CALIBRATED_SYNTHETIC_PROTOTYPE
3,2,0,11,11:00-12:00,2,0,PF5,platform,600,38983,6780,50.63,MODERATE,CALIBRATED_SYNTHETIC_PROTOTYPE
3,2,0,11,11:00-12:00,12,0,PF11,platform,600,38983,5635,42.87,MODERATE,CALIBRATED_SYNTHETIC_PROTOTYPE
3,2,0,11,11:00-12:00,9,0,FOB_CENTRAL,bridge,280,38983,7326,56.64,MODERATE,CALIBRATED_SYNTHETIC_PROTOTYPE
3,2,0,11,11:00-12:00,2,0,FOB_SOUTH,bridge,280,38983,7103,53.58,MODERATE,CALIBRATED_SYNTHETIC_PROTOTYPE
3,2,0,11,11:00-12:00,4,0,EAST_SKYWALK,bridge,280,38983,4958,35.03,MODERATE,CALIBRATED_SYNTHETIC_PROTOTYPE
3,2,0,11,11:00-12:00,15,0,STAIRS_SOUTH,staircase,150,38983,6875,51.33,MODERATE,CALIBRATED_SYNTHETIC_PROTOTYPE
3,2,0,12,12:00-13:00,9,0,PF5,platform,600,34360,5215,32.35,MODERATE,CALIBRATED_SYNTHETIC_PROTOTYPE
3,2,0,12,12:00-13:00,9,0,PF11,platform,600,34360,4967,31.33,MODERATE,CALIBRATED_SYNTHETIC_PROTOTYPE
3,2,0,12,12:00-13:00,12,0,FOB_CENTRAL,bridge,280,34360,6457,41.59,MODERATE,CALIBRATED_SYNTHETIC_PROTOTYPE
3,2,0,12,12:00-13:00,7,0,FOB_SOUTH,bridge,280,34360,5464,39.22,MODERATE,CALIBRATED_SYNTHETIC_PROTOTYPE
3,2,0,12,12:00-13:00,12,0,EAST_SKYWALK,bridge,280,34360,4073,25.24,LOW,CALIBRATED_SYNTHETIC_PROTOTYPE
3,2,0,12,12:00-13:00,7,0,STAIRS_SOUTH,staircase,150,34360,6060,39.13,MODERATE,CALIBRATED_SYNTHETIC_PROTOTYPE
3,2,0,13,13:00-14:00,4,0,PF5,platform,600,32337,5266,29.71,LOW,CALIBRATED_SYNTHETIC_PROTOTYPE
3,2,0,13,13:00-14:00,4,0,PF11,platform,600,32337,5015,24.08,LOW,CALIBRATED_SYNTHETIC_PROTOTYPE
3,2,0,13,13:00-14:00,4,0,FOB_CENTRAL,bridge,280,32337,6520,43.34,MODERATE,CALIBRATED_SYNTHETIC_PROTOTYPE
3,2,0,13,13:00-14:00,5,0,FOB_SOUTH,bridge,280,32337,5517,27.69,LOW,CALIBRATED_SYNTHETIC_PROTOTYPE
3,2,0,13,13:00-14:00,7,0,EAST_SKYWALK,bridge,280,32337,3833,21.45,LOW,CALIBRATED_SYNTHETIC_PROTOTYPE
3,2,0,13,13:00-14:00,5,0,STAIRS_SOUTH,staircase,150,32337,6119,35.63,MODERATE,CALIBRATED_SYNTHETIC_PROTOTYPE
3,2,0,14,14:00-15:00,4,0,PF5,platform,600,31476,5126,27.77,LOW,CALIBRATED_SYNTHETIC_PROTOTYPE
3,2,0,14,14:00-15:00,9,0,PF11,platform,600,31476,4550,29.44,LOW,CALIBRATED_SYNTHETIC_PROTOTYPE
3,2,0,14,14:00-15:00,9,0,FOB_CENTRAL,bridge,280,31476,5915,38.4,MODERATE,CALIBRATED_SYNTHETIC_PROTOTYPE
3,2,0,14,14:00-15:00,15,0,FOB_SOUTH,bridge,280,31476,5005,31.62,MODERATE,CALIBRATED_SYNTHETIC_PROTOTYPE
3,2,0,14,14:00-15:00,7,0,EAST_SKYWALK,bridge,280,31476,3731,26.17,LOW,CALIBRATED_SYNTHETIC_PROTOTYPE
3,2,0,14,14:00-15:00,7,0,STAIRS_SOUTH,staircase,150,31476,5551,32.47,MODERATE,CALIBRATED_SYNTHETIC_PROTOTYPE
3,2,0,15,15:00-16:00,4,0,PF5,platform,600,33205,5407,32.0,MODERATE,CALIBRATED_SYNTHETIC_PROTOTYPE
3,2,0,15,15:00-16:00,12,0,PF11,platform,600,33205,4800,29.4,LOW,CALIBRATED_SYNTHETIC_PROTOTYPE
3,2,0,15,15:00-16:00,2,0,FOB_CENTRAL,bridge,280,33205,7150,46.46,MODERATE,CALIBRATED_SYNTHETIC_PROTOTYPE
3,2,0,15,15:00-16:00,5,0,FOB_SOUTH,bridge,280,33205,5665,30.92,MODERATE,CALIBRATED_SYNTHETIC_PROTOTYPE
3,2,0,15,15:00-16:00,9,0,EAST_SKYWALK,bridge,280,33205,3936,23.37,LOW,CALIBRATED_SYNTHETIC_PROTOTYPE
3,2,0,15,15:00-16:00,9,0,STAIRS_SOUTH,staircase,150,33205,5856,39.13,MODERATE,CALIBRATED_SYNTHETIC_PROTOTYPE
3,2,0,16,16:00-17:00,9,0,PF5,platform,600,36669,5566,43.82,MODERATE,CALIBRATED_SYNTHETIC_PROTOTYPE
3,2,0,16,16:00-17:00,2,0,PF11,platform,600,36669,6074,44.05,MODERATE,CALIBRATED_SYNTHETIC_PROTOTYPE
3,2,0,16,16:00-17:00,7,0,FOB_CENTRAL,bridge,280,36669,6891,47.29,MODERATE,CALIBRATED_SYNTHETIC_PROTOTYPE
3,2,0,16,16:00-17:00,15,0,FOB_SOUTH,bridge,280,36669,5831,36.67,MODERATE,CALIBRATED_SYNTHETIC_PROTOTYPE
3,2,0,16,16:00-17:00,4,0,EAST_SKYWALK,bridge,280,36669,4663,36.67,MODERATE,CALIBRATED_SYNTHETIC_PROTOTYPE
3,2,0,16,16:00-17:00,12,0,STAIRS_SOUTH,staircase,150,36669,6467,46.48,MODERATE,CALIBRATED_SYNTHETIC_PROTOTYPE
3,2,0,17,17:00-18:00,15,0,PF5,platform,600,44761,6794,53.3,MODERATE,CALIBRATED_SYNTHETIC_PROTOTYPE
3,2,0,17,17:00-18:00,12,0,PF11,platform,600,44761,6470,53.76,MODERATE,CALIBRATED_SYNTHETIC_PROTOTYPE
3,2,0,17,17:00-18:00,12,0,FOB_CENTRAL,bridge,280,44761,8411,67.74,HIGH,CALIBRATED_SYNTHETIC_PROTOTYPE
3,2,0,17,17:00-18:00,9,0,FOB_SOUTH,bridge,280,44761,7117,59.96,MODERATE,CALIBRATED_SYNTHETIC_PROTOTYPE
3,2,0,17,17:00-18:00,2,0,EAST_SKYWALK,bridge,280,44761,6079,52.24,MODERATE,CALIBRATED_SYNTHETIC_PROTOTYPE
3,2,0,17,17:00-18:00,7,0,STAIRS_SOUTH,staircase,150,44761,7894,58.59,MODERATE,CALIBRATED_SYNTHETIC_PROTOTYPE
3,2,0,18,18:00-19:00,9,0,PF5,platform,600,54869,8328,79.02,HIGH,CALIBRATED_SYNTHETIC_PROTOTYPE
3,2,0,18,18:00-19:00,7,0,PF11,platform,600,54869,7931,76.29,HIGH,CALIBRATED_SYNTHETIC_PROTOTYPE
3,2,0,18,18:00-19:00,7,0,FOB_CENTRAL,bridge,280,54869,10311,91.38,VERY HIGH,CALIBRATED_SYNTHETIC_PROTOTYPE
3,2,0,18,18:00-19:00,7,0,FOB_SOUTH,bridge,280,54869,8725,80.78,VERY HIGH,CALIBRATED_SYNTHETIC_PROTOTYPE
3,2,0,18,18:00-19:00,12,0,EAST_SKYWALK,bridge,280,54869,6504,56.8,MODERATE,CALIBRATED_SYNTHETIC_PROTOTYPE
3,2,0,18,18:00-19:00,2,0,STAIRS_SOUTH,staircase,150,54869,11088,98.0,VERY HIGH,CALIBRATED_SYNTHETIC_PROTOTYPE
3,2,0,19,19:00-20:00,7,0,PF5,platform,600,53423,8109,78.13,HIGH,CALIBRATED_SYNTHETIC_PROTOTYPE
3,2,0,19,19:00-20:00,9,0,PF11,platform,600,53423,7722,70.28,HIGH,CALIBRATED_SYNTHETIC_PROTOTYPE
3,2,0,19,19:00-20:00,4,0,FOB_CENTRAL,bridge,280,53423,10771,98.0,VERY HIGH,CALIBRATED_SYNTHETIC_PROTOTYPE
3,2,0,19,19:00-20:00,9,0,FOB_SOUTH,bridge,280,53423,8495,79.89,HIGH,CALIBRATED_SYNTHETIC_PROTOTYPE
3,2,0,19,19:00-20:00,12,0,EAST_SKYWALK,bridge,280,53423,6332,59.84,MODERATE,CALIBRATED_SYNTHETIC_PROTOTYPE
3,2,0,19,19:00-20:00,12,0,STAIRS_SOUTH,staircase,150,53423,9421,85.24,VERY HIGH,CALIBRATED_SYNTHETIC_PROTOTYPE
3,2,0,20,20:00-21:00,7,0,PF5,platform,600,41289,6267,48.17,MODERATE,CALIBRATED_SYNTHETIC_PROTOTYPE
3,2,0,20,20:00-21:00,5,0,PF11,platform,600,41289,6404,50.83,MODERATE,CALIBRATED_SYNTHETIC_PROTOTYPE
3,2,0,20,20:00-21:00,2,0,FOB_CENTRAL,bridge,280,41289,8891,65.8,HIGH,CALIBRATED_SYNTHETIC_PROTOTYPE
3,2,0,20,20:00-21:00,15,0,FOB_SOUTH,bridge,280,41289,6565,50.56,MODERATE,CALIBRATED_SYNTHETIC_PROTOTYPE
3,2,0,20,20:00-21:00,2,0,EAST_SKYWALK,bridge,280,41289,5608,41.28,MODERATE,CALIBRATED_SYNTHETIC_PROTOTYPE
3,2,0,20,20:00-21:00,12,0,STAIRS_SOUTH,staircase,150,41289,7282,54.03,MODERATE,CALIBRATED_SYNTHETIC_PROTOTYPE
3,2,0,21,21:00-22:00,5,0,PF5,platform,600,29162,4749,25.78,LOW,CALIBRATED_SYNTHETIC_PROTOTYPE
3,2,0,21,21:00-22:00,12,0,PF11,platform,600,29162,4215,20.67,LOW,CALIBRATED_SYNTHETIC_PROTOTYPE
3,2,0,21,21:00-22:00,9,0,FOB_CENTRAL,bridge,280,29162,5480,29.4,LOW,CALIBRATED_SYNTHETIC_PROTOTYPE
3,2,0,21,21:00-22:00,15,0,FOB_SOUTH,bridge,280,29162,4637,25.23,LOW,CALIBRATED_SYNTHETIC_PROTOTYPE
3,2,0,21,21:00-22:00,5,0,EAST_SKYWALK,bridge,280,29162,3709,25.14,LOW,CALIBRATED_SYNTHETIC_PROTOTYPE
3,2,0,21,21:00-22:00,2,0,STAIRS_SOUTH,staircase,150,29162,5893,28.24,LOW,CALIBRATED_SYNTHETIC_PROTOTYPE
4,3,0,8,08:00-09:00,7,0,PF5,platform,600,46473,6891,57.38,MODERATE,CALIBRATED_SYNTHETIC_PROTOTYPE
4,3,0,8,08:00-09:00,9,0,PF11,platform,600,46473,6562,56.28,MODERATE,CALIBRATED_SYNTHETIC_PROTOTYPE
4,3,0,8,08:00-09:00,2,0,FOB_CENTRAL,bridge,280,46473,9775,78.54,HIGH,CALIBRATED_SYNTHETIC_PROTOTYPE
4,3,0,8,08:00-09:00,7,0,FOB_SOUTH,bridge,280,46473,7219,57.8,MODERATE,CALIBRATED_SYNTHETIC_PROTOTYPE
4,3,0,8,08:00-09:00,15,0,EAST_SKYWALK,bridge,280,46473,5381,43.5,MODERATE,CALIBRATED_SYNTHETIC_PROTOTYPE
4,3,0,8,08:00-09:00,7,0,STAIRS_SOUTH,staircase,150,46473,8006,69.58,HIGH,CALIBRATED_SYNTHETIC_PROTOTYPE
4,3,0,9,09:00-10:00,7,0,PF5,platform,600,52261,7749,72.15,HIGH,CALIBRATED_SYNTHETIC_PROTOTYPE
4,3,0,9,09:00-10:00,15,0,PF11,platform,600,52261,7380,63.68,HIGH,CALIBRATED_SYNTHETIC_PROTOTYPE
4,3,0,9,09:00-10:00,5,0,FOB_CENTRAL,bridge,280,52261,10293,94.9,VERY HIGH,CALIBRATED_SYNTHETIC_PROTOTYPE
4,3,0,9,09:00-10:00,15,0,FOB_SOUTH,bridge,280,52261,8118,73.3,HIGH,CALIBRATED_SYNTHETIC_PROTOTYPE
4,3,0,9,09:00-10:00,12,0,EAST_SKYWALK,bridge,280,52261,6051,57.8,MODERATE,CALIBRATED_SYNTHETIC_PROTOTYPE
4,3,0,9,09:00-10:00,12,0,STAIRS_SOUTH,staircase,150,52261,9003,83.28,VERY HIGH,CALIBRATED_SYNTHETIC_PROTOTYPE
4,3,0,10,10:00-11:00,9,0,PF5,platform,600,47359,7022,61.36,HIGH,CALIBRATED_SYNTHETIC_PROTOTYPE
4,3,0,10,10:00-11:00,2,0,PF11,platform,600,47359,7663,67.8,HIGH,CALIBRATED_SYNTHETIC_PROTOTYPE
4,3,0,10,10:00-11:00,4,0,FOB_CENTRAL,bridge,280,47359,9328,80.06,VERY HIGH,CALIBRATED_SYNTHETIC_PROTOTYPE
4,3,0,10,10:00-11:00,4,0,FOB_SOUTH,bridge,280,47359,7893,68.79,HIGH,CALIBRATED_SYNTHETIC_PROTOTYPE
4,3,0,10,10:00-11:00,12,0,EAST_SKYWALK,bridge,280,47359,5484,46.2,MODERATE,CALIBRATED_SYNTHETIC_PROTOTYPE
4,3,0,10,10:00-11:00,4,0,STAIRS_SOUTH,staircase,150,47359,8754,77.2,HIGH,CALIBRATED_SYNTHETIC_PROTOTYPE
4,3,0,11,11:00-12:00,15,0,PF5,platform,600,38983,5780,42.14,MODERATE,CALIBRATED_SYNTHETIC_PROTOTYPE
4,3,0,11,11:00-12:00,2,0,PF11,platform,600,38983,6308,48.86,MODERATE,CALIBRATED_SYNTHETIC_PROTOTYPE
4,3,0,11,11:00-12:00,12,0,FOB_CENTRAL,bridge,280,38983,7156,48.72,MODERATE,CALIBRATED_SYNTHETIC_PROTOTYPE
4,3,0,11,11:00-12:00,9,0,FOB_SOUTH,bridge,280,38983,6055,40.07,MODERATE,CALIBRATED_SYNTHETIC_PROTOTYPE
4,3,0,11,11:00-12:00,5,0,EAST_SKYWALK,bridge,280,38983,4843,33.57,MODERATE,CALIBRATED_SYNTHETIC_PROTOTYPE
4,3,0,11,11:00-12:00,12,0,STAIRS_SOUTH,staircase,150,38983,6716,51.62,MODERATE,CALIBRATED_SYNTHETIC_PROTOTYPE
4,3,0,12,12:00-13:00,15,0,PF5,platform,600,34360,5095,33.05,MODERATE,CALIBRATED_SYNTHETIC_PROTOTYPE
4,3,0,12,12:00-13:00,15,0,PF11,platform,600,34360,4852,34.18,MODERATE,CALIBRATED_SYNTHETIC_PROTOTYPE
4,3,0,12,12:00-13:00,12,0,FOB_CENTRAL,bridge,280,34360,6308,39.98,MODERATE,CALIBRATED_SYNTHETIC_PROTOTYPE
4,3,0,12,12:00-13:00,12,0,FOB_SOUTH,bridge,280,34360,5337,38.06,MODERATE,CALIBRATED_SYNTHETIC_PROTOTYPE
4,3,0,12,12:00-13:00,7,0,EAST_SKYWALK,bridge,280,34360,3979,22.83,LOW,CALIBRATED_SYNTHETIC_PROTOTYPE
4,3,0,12,12:00-13:00,9,0,STAIRS_SOUTH,staircase,150,34360,5919,35.93,MODERATE,CALIBRATED_SYNTHETIC_PROTOTYPE
4,3,0,13,13:00-14:00,12,0,PF5,platform,600,32337,4795,25.4,LOW,CALIBRATED_SYNTHETIC_PROTOTYPE
4,3,0,13,13:00-14:00,12,0,PF11,platform,600,32337,4566,25.65,LOW,CALIBRATED_SYNTHETIC_PROTOTYPE
4,3,0,13,13:00-14:00,2,0,FOB_CENTRAL,bridge,280,32337,6802,44.97,MODERATE,CALIBRATED_SYNTHETIC_PROTOTYPE
4,3,0,13,13:00-14:00,9,0,FOB_SOUTH,bridge,280,32337,5023,25.25,LOW,CALIBRATED_SYNTHETIC_PROTOTYPE
4,3,0,13,13:00-14:00,7,0,EAST_SKYWALK,bridge,280,32337,3744,18.79,LOW,CALIBRATED_SYNTHETIC_PROTOTYPE
4,3,0,13,13:00-14:00,2,0,STAIRS_SOUTH,staircase,150,32337,6383,38.79,MODERATE,CALIBRATED_SYNTHETIC_PROTOTYPE
4,3,0,14,14:00-15:00,4,0,PF5,platform,600,31476,5007,22.61,LOW,CALIBRATED_SYNTHETIC_PROTOTYPE
4,3,0,14,14:00-15:00,15,0,PF11,platform,600,31476,4445,27.73,LOW,CALIBRATED_SYNTHETIC_PROTOTYPE
4,3,0,14,14:00-15:00,5,0,FOB_CENTRAL,bridge,280,31476,6199,33.19,MODERATE,CALIBRATED_SYNTHETIC_PROTOTYPE
4,3,0,14,14:00-15:00,2,0,FOB_SOUTH,bridge,280,31476,5602,28.23,LOW,CALIBRATED_SYNTHETIC_PROTOTYPE
4,3,0,14,14:00-15:00,9,0,EAST_SKYWALK,bridge,280,31476,3645,21.74,LOW,CALIBRATED_SYNTHETIC_PROTOTYPE
4,3,0,14,14:00-15:00,7,0,STAIRS_SOUTH,staircase,150,31476,5423,29.87,LOW,CALIBRATED_SYNTHETIC_PROTOTYPE
4,3,0,15,15:00-16:00,15,0,PF5,platform,600,33205,4923,31.03,MODERATE,CALIBRATED_SYNTHETIC_PROTOTYPE
4,3,0,15,15:00-16:00,9,0,PF11,platform,600,33205,4689,32.48,MODERATE,CALIBRATED_SYNTHETIC_PROTOTYPE
4,3,0,15,15:00-16:00,7,0,FOB_CENTRAL,bridge,280,33205,6095,32.65,MODERATE,CALIBRATED_SYNTHETIC_PROTOTYPE
4,3,0,15,15:00-16:00,5,0,FOB_SOUTH,bridge,280,33205,5534,36.86,MODERATE,CALIBRATED_SYNTHETIC_PROTOTYPE
4,3,0,15,15:00-16:00,4,0,EAST_SKYWALK,bridge,280,33205,4125,28.44,LOW,CALIBRATED_SYNTHETIC_PROTOTYPE
4,3,0,15,15:00-16:00,9,0,STAIRS_SOUTH,staircase,150,33205,5720,35.95,MODERATE,CALIBRATED_SYNTHETIC_PROTOTYPE
4,3,0,16,16:00-17:00,7,0,PF5,platform,600,36669,5437,38.51,MODERATE,CALIBRATED_SYNTHETIC_PROTOTYPE
4,3,0,16,16:00-17:00,7,0,PF11,platform,600,36669,5178,41.54,MODERATE,CALIBRATED_SYNTHETIC_PROTOTYPE
4,3,0,16,16:00-17:00,2,0,FOB_CENTRAL,bridge,280,36669,7713,53.36,MODERATE,CALIBRATED_SYNTHETIC_PROTOTYPE
4,3,0,16,16:00-17:00,2,0,FOB_SOUTH,bridge,280,36669,6526,45.46,MODERATE,CALIBRATED_SYNTHETIC_PROTOTYPE
4,3,0,16,16:00-17:00,2,0,EAST_SKYWALK,bridge,280,36669,4865,30.99,MODERATE,CALIBRATED_SYNTHETIC_PROTOTYPE
4,3,0,16,16:00-17:00,5,0,STAIRS_SOUTH,staircase,150,36669,6778,47.71,MODERATE,CALIBRATED_SYNTHETIC_PROTOTYPE
4,3,0,17,17:00-18:00,5,0,PF5,platform,600,44761,7121,59.99,MODERATE,CALIBRATED_SYNTHETIC_PROTOTYPE
4,3,0,17,17:00-18:00,9,0,PF11,platform,600,44761,6321,49.92,MODERATE,CALIBRATED_SYNTHETIC_PROTOTYPE
4,3,0,17,17:00-18:00,12,0,FOB_CENTRAL,bridge,280,44761,8217,61.92,HIGH,CALIBRATED_SYNTHETIC_PROTOTYPE
4,3,0,17,17:00-18:00,4,0,FOB_SOUTH,bridge,280,44761,7460,58.51,MODERATE,CALIBRATED_SYNTHETIC_PROTOTYPE
4,3,0,17,17:00-18:00,15,0,EAST_SKYWALK,bridge,280,44761,5183,42.1,MODERATE,CALIBRATED_SYNTHETIC_PROTOTYPE
4,3,0,17,17:00-18:00,2,0,STAIRS_SOUTH,staircase,150,44761,8836,79.08,HIGH,CALIBRATED_SYNTHETIC_PROTOTYPE
4,3,0,18,18:00-19:00,4,0,PF5,platform,600,54869,8729,79.71,HIGH,CALIBRATED_SYNTHETIC_PROTOTYPE
4,3,0,18,18:00-19:00,4,0,PF11,platform,600,54869,8313,79.7,HIGH,CALIBRATED_SYNTHETIC_PROTOTYPE
4,3,0,18,18:00-19:00,9,0,FOB_CENTRAL,bridge,280,54869,10072,94.46,VERY HIGH,CALIBRATED_SYNTHETIC_PROTOTYPE
4,3,0,18,18:00-19:00,9,0,FOB_SOUTH,bridge,280,54869,8523,81.2,VERY HIGH,CALIBRATED_SYNTHETIC_PROTOTYPE
4,3,0,18,18:00-19:00,9,0,EAST_SKYWALK,bridge,280,54869,6353,59.1,MODERATE,CALIBRATED_SYNTHETIC_PROTOTYPE
4,3,0,18,18:00-19:00,5,0,STAIRS_SOUTH,staircase,150,54869,10142,98.0,VERY HIGH,CALIBRATED_SYNTHETIC_PROTOTYPE
4,3,0,19,19:00-20:00,4,0,PF5,platform,600,53423,8499,79.25,HIGH,CALIBRATED_SYNTHETIC_PROTOTYPE
4,3,0,19,19:00-20:00,7,0,PF11,platform,600,53423,7544,78.12,HIGH,CALIBRATED_SYNTHETIC_PROTOTYPE
4,3,0,19,19:00-20:00,15,0,FOB_CENTRAL,bridge,280,53423,9807,95.72,VERY HIGH,CALIBRATED_SYNTHETIC_PROTOTYPE
4,3,0,19,19:00-20:00,7,0,FOB_SOUTH,bridge,280,53423,8298,77.63,HIGH,CALIBRATED_SYNTHETIC_PROTOTYPE
4,3,0,19,19:00-20:00,2,0,EAST_SKYWALK,bridge,280,53423,7088,65.91,HIGH,CALIBRATED_SYNTHETIC_PROTOTYPE
4,3,0,19,19:00-20:00,15,0,STAIRS_SOUTH,staircase,150,53423,9203,85.29,VERY HIGH,CALIBRATED_SYNTHETIC_PROTOTYPE
4,3,0,20,20:00-21:00,4,0,PF5,platform,600,41289,6568,52.25,MODERATE,CALIBRATED_SYNTHETIC_PROTOTYPE
4,3,0,20,20:00-21:00,12,0,PF11,platform,600,41289,5830,42.68,MODERATE,CALIBRATED_SYNTHETIC_PROTOTYPE
4,3,0,20,20:00-21:00,5,0,FOB_CENTRAL,bridge,280,41289,8132,64.93,HIGH,CALIBRATED_SYNTHETIC_PROTOTYPE
4,3,0,20,20:00-21:00,7,0,FOB_SOUTH,bridge,280,41289,6413,51.76,MODERATE,CALIBRATED_SYNTHETIC_PROTOTYPE
4,3,0,20,20:00-21:00,15,0,EAST_SKYWALK,bridge,280,41289,4781,38.19,MODERATE,CALIBRATED_SYNTHETIC_PROTOTYPE
4,3,0,20,20:00-21:00,12,0,STAIRS_SOUTH,staircase,150,41289,7113,54.33,MODERATE,CALIBRATED_SYNTHETIC_PROTOTYPE
4,3,0,21,21:00-22:00,7,0,PF5,platform,600,29162,4324,20.24,LOW,CALIBRATED_SYNTHETIC_PROTOTYPE
4,3,0,21,21:00-22:00,5,0,PF11,platform,600,29162,4418,24.44,LOW,CALIBRATED_SYNTHETIC_PROTOTYPE
4,3,0,21,21:00-22:00,2,0,FOB_CENTRAL,bridge,280,29162,6134,29.03,LOW,CALIBRATED_SYNTHETIC_PROTOTYPE
4,3,0,21,21:00-22:00,12,0,FOB_SOUTH,bridge,280,29162,4530,16.21,LOW,CALIBRATED_SYNTHETIC_PROTOTYPE
4,3,0,21,21:00-22:00,9,0,EAST_SKYWALK,bridge,280,29162,3377,20.62,LOW,CALIBRATED_SYNTHETIC_PROTOTYPE
4,3,0,21,21:00-22:00,12,0,STAIRS_SOUTH,staircase,150,29162,5024,27.28,LOW,CALIBRATED_SYNTHETIC_PROTOTYPE
5,4,0,8,08:00-09:00,9,0,PF5,platform,600,46473,7305,53.4,MODERATE,CALIBRATED_SYNTHETIC_PROTOTYPE
5,4,0,8,08:00-09:00,2,0,PF11,platform,600,46473,7972,66.34,HIGH,CALIBRATED_SYNTHETIC_PROTOTYPE
5,4,0,8,08:00-09:00,2,0,FOB_CENTRAL,bridge,280,46473,10364,89.67,VERY HIGH,CALIBRATED_SYNTHETIC_PROTOTYPE
5,4,0,8,08:00-09:00,15,0,FOB_SOUTH,bridge,280,46473,7653,63.58,HIGH,CALIBRATED_SYNTHETIC_PROTOTYPE
5,4,0,8,08:00-09:00,12,0,EAST_SKYWALK,bridge,280,46473,5705,43.96,MODERATE,CALIBRATED_SYNTHETIC_PROTOTYPE
5,4,0,8,08:00-09:00,9,0,STAIRS_SOUTH,staircase,150,46473,8488,71.48,HIGH,CALIBRATED_SYNTHETIC_PROTOTYPE
5,4,0,9,09:00-10:00,15,0,PF5,platform,600,52261,8215,75.35,HIGH,CALIBRATED_SYNTHETIC_PROTOTYPE
5,4,0,9,09:00-10:00,9,0,PF11,platform,600,52261,7824,74.38,HIGH,CALIBRATED_SYNTHETIC_PROTOTYPE
5,4,0,9,09:00-10:00,12,0,FOB_CENTRAL,bridge,280,52261,10171,95.62,VERY HIGH,CALIBRATED_SYNTHETIC_PROTOTYPE
5,4,0,9,09:00-10:00,7,0,FOB_SOUTH,bridge,280,52261,8606,77.15,HIGH,CALIBRATED_SYNTHETIC_PROTOTYPE
5,4,0,9,09:00-10:00,5,0,EAST_SKYWALK,bridge,280,52261,6883,68.24,HIGH,CALIBRATED_SYNTHETIC_PROTOTYPE
5,4,0,9,09:00-10:00,12,0,STAIRS_SOUTH,staircase,150,52261,9545,84.94,VERY HIGH,CALIBRATED_SYNTHETIC_PROTOTYPE
5,4,0,10,10:00-11:00,4,0,PF5,platform,600,47359,7987,73.03,HIGH,CALIBRATED_SYNTHETIC_PROTOTYPE
5,4,0,10,10:00-11:00,12,0,PF11,platform,600,47359,7090,60.69,HIGH,CALIBRATED_SYNTHETIC_PROTOTYPE
5,4,0,10,10:00-11:00,7,0,FOB_CENTRAL,bridge,280,47359,9217,78.32,HIGH,CALIBRATED_SYNTHETIC_PROTOTYPE
5,4,0,10,10:00-11:00,7,0,FOB_SOUTH,bridge,280,47359,7799,71.76,HIGH,CALIBRATED_SYNTHETIC_PROTOTYPE
5,4,0,10,10:00-11:00,12,0,EAST_SKYWALK,bridge,280,47359,5814,51.01,MODERATE,CALIBRATED_SYNTHETIC_PROTOTYPE
5,4,0,10,10:00-11:00,12,0,STAIRS_SOUTH,staircase,150,47359,8650,79.44,HIGH,CALIBRATED_SYNTHETIC_PROTOTYPE
5,4,0,11,11:00-12:00,15,0,PF5,platform,600,38983,6128,42.23,MODERATE,CALIBRATED_SYNTHETIC_PROTOTYPE
5,4,0,11,11:00-12:00,4,0,PF11,platform,600,38983,6262,44.69,MODERATE,CALIBRATED_SYNTHETIC_PROTOTYPE
5,4,0,11,11:00-12:00,15,0,FOB_CENTRAL,bridge,280,38983,7587,51.08,MODERATE,CALIBRATED_SYNTHETIC_PROTOTYPE
5,4,0,11,11:00-12:00,2,0,FOB_SOUTH,bridge,280,38983,7356,55.99,MODERATE,CALIBRATED_SYNTHETIC_PROTOTYPE
5,4,0,11,11:00-12:00,4,0,EAST_SKYWALK,bridge,280,38983,5135,41.19,MODERATE,CALIBRATED_SYNTHETIC_PROTOTYPE
5,4,0,11,11:00-12:00,7,0,STAIRS_SOUTH,staircase,150,38983,7120,45.16,MODERATE,CALIBRATED_SYNTHETIC_PROTOTYPE
5,4,0,12,12:00-13:00,2,0,PF5,platform,600,34360,6189,34.37,MODERATE,CALIBRATED_SYNTHETIC_PROTOTYPE
5,4,0,12,12:00-13:00,2,0,PF11,platform,600,34360,5894,35.07,MODERATE,CALIBRATED_SYNTHETIC_PROTOTYPE
5,4,0,12,12:00-13:00,12,0,FOB_CENTRAL,bridge,280,34360,6687,42.06,MODERATE,CALIBRATED_SYNTHETIC_PROTOTYPE
5,4,0,12,12:00-13:00,9,0,FOB_SOUTH,bridge,280,34360,5658,35.29,MODERATE,CALIBRATED_SYNTHETIC_PROTOTYPE
5,4,0,12,12:00-13:00,12,0,EAST_SKYWALK,bridge,280,34360,4218,27.48,LOW,CALIBRATED_SYNTHETIC_PROTOTYPE
5,4,0,12,12:00-13:00,12,0,STAIRS_SOUTH,staircase,150,34360,6276,36.95,MODERATE,CALIBRATED_SYNTHETIC_PROTOTYPE
5,4,0,13,13:00-14:00,12,0,PF5,platform,600,32337,5083,31.74,MODERATE,CALIBRATED_SYNTHETIC_PROTOTYPE
5,4,0,13,13:00-14:00,7,0,PF11,platform,600,32337,4841,29.49,LOW,CALIBRATED_SYNTHETIC_PROTOTYPE
5,4,0,13,13:00-14:00,5,0,FOB_CENTRAL,bridge,280,32337,6752,40.41,MODERATE,CALIBRATED_SYNTHETIC_PROTOTYPE
5,4,0,13,13:00-14:00,7,0,FOB_SOUTH,bridge,280,32337,5325,37.27,MODERATE,CALIBRATED_SYNTHETIC_PROTOTYPE
5,4,0,13,13:00-14:00,5,0,EAST_SKYWALK,bridge,280,32337,4259,24.01,LOW,CALIBRATED_SYNTHETIC_PROTOTYPE
5,4,0,13,13:00-14:00,7,0,STAIRS_SOUTH,staircase,150,32337,5906,32.31,MODERATE,CALIBRATED_SYNTHETIC_PROTOTYPE
5,4,0,14,14:00-15:00,2,0,PF5,platform,600,31476,5669,28.09,LOW,CALIBRATED_SYNTHETIC_PROTOTYPE
5,4,0,14,14:00-15:00,12,0,PF11,platform,600,31476,4712,23.78,LOW,CALIBRATED_SYNTHETIC_PROTOTYPE
5,4,0,14,14:00-15:00,2,0,FOB_CENTRAL,bridge,280,31476,7019,40.4,MODERATE,CALIBRATED_SYNTHETIC_PROTOTYPE
5,4,0,14,14:00-15:00,5,0,FOB_SOUTH,bridge,280,31476,5561,31.37,MODERATE,CALIBRATED_SYNTHETIC_PROTOTYPE
5,4,0,14,14:00-15:00,5,0,EAST_SKYWALK,bridge,280,31476,4146,25.97,LOW,CALIBRATED_SYNTHETIC_PROTOTYPE
5,4,0,14,14:00-15:00,4,0,STAIRS_SOUTH,staircase,150,31476,6168,36.84,MODERATE,CALIBRATED_SYNTHETIC_PROTOTYPE
5,4,0,15,15:00-16:00,4,0,PF5,platform,600,33205,5600,32.11,MODERATE,CALIBRATED_SYNTHETIC_PROTOTYPE
5,4,0,15,15:00-16:00,2,0,PF11,platform,600,33205,5696,36.29,MODERATE,CALIBRATED_SYNTHETIC_PROTOTYPE
5,4,0,15,15:00-16:00,5,0,FOB_CENTRAL,bridge,280,33205,6934,37.83,MODERATE,CALIBRATED_SYNTHETIC_PROTOTYPE
5,4,0,15,15:00-16:00,5,0,FOB_SOUTH,bridge,280,33205,5867,35.48,MODERATE,CALIBRATED_SYNTHETIC_PROTOTYPE
5,4,0,15,15:00-16:00,5,0,EAST_SKYWALK,bridge,280,33205,4374,23.9,LOW,CALIBRATED_SYNTHETIC_PROTOTYPE
5,4,0,15,15:00-16:00,4,0,STAIRS_SOUTH,staircase,150,33205,6507,40.15,MODERATE,CALIBRATED_SYNTHETIC_PROTOTYPE
5,4,0,16,16:00-17:00,9,0,PF5,platform,600,36669,5764,43.73,MODERATE,CALIBRATED_SYNTHETIC_PROTOTYPE
5,4,0,16,16:00-17:00,15,0,PF11,platform,600,36669,5490,41.58,MODERATE,CALIBRATED_SYNTHETIC_PROTOTYPE
5,4,0,16,16:00-17:00,15,0,FOB_CENTRAL,bridge,280,36669,7137,50.27,MODERATE,CALIBRATED_SYNTHETIC_PROTOTYPE
5,4,0,16,16:00-17:00,12,0,FOB_SOUTH,bridge,280,36669,6039,34.39,MODERATE,CALIBRATED_SYNTHETIC_PROTOTYPE
5,4,0,16,16:00-17:00,4,0,EAST_SKYWALK,bridge,280,36669,4830,32.4,MODERATE,CALIBRATED_SYNTHETIC_PROTOTYPE
5,4,0,16,16:00-17:00,15,0,STAIRS_SOUTH,staircase,150,36669,6697,42.94,MODERATE,CALIBRATED_SYNTHETIC_PROTOTYPE
5,4,0,17,17:00-18:00,2,0,PF5,platform,600,44761,8062,72.85,HIGH,CALIBRATED_SYNTHETIC_PROTOTYPE
5,4,0,17,17:00-18:00,2,0,PF11,platform,600,44761,7678,60.15,HIGH,CALIBRATED_SYNTHETIC_PROTOTYPE
5,4,0,17,17:00-18:00,9,0,FOB_CENTRAL,bridge,280,44761,8712,72.95,HIGH,CALIBRATED_SYNTHETIC_PROTOTYPE
5,4,0,17,17:00-18:00,7,0,FOB_SOUTH,bridge,280,44761,7371,65.96,HIGH,CALIBRATED_SYNTHETIC_PROTOTYPE
5,4,0,17,17:00-18:00,2,0,EAST_SKYWALK,bridge,280,44761,6296,52.96,MODERATE,CALIBRATED_SYNTHETIC_PROTOTYPE
5,4,0,17,17:00-18:00,15,0,STAIRS_SOUTH,staircase,150,44761,8175,73.26,HIGH,CALIBRATED_SYNTHETIC_PROTOTYPE
5,4,0,18,18:00-19:00,15,0,PF5,platform,600,54869,8625,80.34,VERY HIGH,CALIBRATED_SYNTHETIC_PROTOTYPE
5,4,0,18,18:00-19:00,12,0,PF11,platform,600,54869,8214,72.77,HIGH,CALIBRATED_SYNTHETIC_PROTOTYPE
5,4,0,18,18:00-19:00,5,0,FOB_CENTRAL,bridge,280,54869,11457,98.0,VERY HIGH,CALIBRATED_SYNTHETIC_PROTOTYPE
5,4,0,18,18:00-19:00,2,0,FOB_SOUTH,bridge,280,54869,10354,96.41,VERY HIGH,CALIBRATED_SYNTHETIC_PROTOTYPE
5,4,0,18,18:00-19:00,15,0,EAST_SKYWALK,bridge,280,54869,6736,64.46,HIGH,CALIBRATED_SYNTHETIC_PROTOTYPE
5,4,0,18,18:00-19:00,15,0,STAIRS_SOUTH,staircase,150,54869,10022,89.5,VERY HIGH,CALIBRATED_SYNTHETIC_PROTOTYPE
5,4,0,19,19:00-20:00,4,0,PF5,platform,600,53423,9010,82.26,VERY HIGH,CALIBRATED_SYNTHETIC_PROTOTYPE
5,4,0,19,19:00-20:00,5,0,PF11,platform,600,53423,8581,83.82,VERY HIGH,CALIBRATED_SYNTHETIC_PROTOTYPE
5,4,0,19,19:00-20:00,4,0,FOB_CENTRAL,bridge,280,53423,11155,98.0,VERY HIGH,CALIBRATED_SYNTHETIC_PROTOTYPE
5,4,0,19,19:00-20:00,7,0,FOB_SOUTH,bridge,280,53423,8798,83.64,VERY HIGH,CALIBRATED_SYNTHETIC_PROTOTYPE
5,4,0,19,19:00-20:00,7,0,EAST_SKYWALK,bridge,280,53423,6558,62.48,HIGH,CALIBRATED_SYNTHETIC_PROTOTYPE
5,4,0,19,19:00-20:00,12,0,STAIRS_SOUTH,staircase,150,53423,9757,85.91,VERY HIGH,CALIBRATED_SYNTHETIC_PROTOTYPE
5,4,0,20,20:00-21:00,15,0,PF5,platform,600,41289,6490,47.25,MODERATE,CALIBRATED_SYNTHETIC_PROTOTYPE
5,4,0,20,20:00-21:00,2,0,PF11,platform,600,41289,7083,55.66,MODERATE,CALIBRATED_SYNTHETIC_PROTOTYPE
5,4,0,20,20:00-21:00,12,0,FOB_CENTRAL,bridge,280,41289,8036,63.69,HIGH,CALIBRATED_SYNTHETIC_PROTOTYPE
5,4,0,20,20:00-21:00,9,0,FOB_SOUTH,bridge,280,41289,6800,50.34,MODERATE,CALIBRATED_SYNTHETIC_PROTOTYPE
5,4,0,20,20:00-21:00,12,0,EAST_SKYWALK,bridge,280,41289,5069,41.47,MODERATE,CALIBRATED_SYNTHETIC_PROTOTYPE
5,4,0,20,20:00-21:00,12,0,STAIRS_SOUTH,staircase,150,41289,7541,59.24,MODERATE,CALIBRATED_SYNTHETIC_PROTOTYPE
5,4,0,21,21:00-22:00,15,0,PF5,platform,600,29162,4584,26.8,LOW,CALIBRATED_SYNTHETIC_PROTOTYPE
5,4,0,21,21:00-22:00,4,0,PF11,platform,600,29162,4684,21.61,LOW,CALIBRATED_SYNTHETIC_PROTOTYPE
5,4,0,21,21:00-22:00,7,0,FOB_CENTRAL,bridge,280,29162,5676,28.59,LOW,CALIBRATED_SYNTHETIC_PROTOTYPE
5,4,0,21,21:00-22:00,2,0,FOB_SOUTH,bridge,280,29162,5503,25.08,LOW,CALIBRATED_SYNTHETIC_PROTOTYPE
5,4,0,21,21:00-22:00,7,0,EAST_SKYWALK,bridge,280,29162,3580,15.93,LOW,CALIBRATED_SYNTHETIC_PROTOTYPE
5,4,0,21,21:00-22:00,2,0,STAIRS_SOUTH,staircase,150,29162,6103,28.65,LOW,CALIBRATED_SYNTHETIC_PROTOTYPE
6,5,1,8,08:00-09:00,4,0,PF5,platform,600,46473,5691,41.28,MODERATE,CALIBRATED_SYNTHETIC_PROTOTYPE
6,5,1,8,08:00-09:00,4,0,PF11,platform,600,46473,5420,51.05,MODERATE,CALIBRATED_SYNTHETIC_PROTOTYPE
6,5,1,8,08:00-09:00,12,0,FOB_CENTRAL,bridge,280,46473,6567,54.78,MODERATE,CALIBRATED_SYNTHETIC_PROTOTYPE
6,5,1,8,08:00-09:00,12,0,FOB_SOUTH,bridge,280,46473,5557,41.57,MODERATE,CALIBRATED_SYNTHETIC_PROTOTYPE
6,5,1,8,08:00-09:00,7,0,EAST_SKYWALK,bridge,280,46473,4142,34.46,MODERATE,CALIBRATED_SYNTHETIC_PROTOTYPE
6,5,1,8,08:00-09:00,5,0,STAIRS_SOUTH,staircase,150,46473,6612,55.81,MODERATE,CALIBRATED_SYNTHETIC_PROTOTYPE
6,5,1,9,09:00-10:00,15,0,PF5,platform,600,52261,5965,56.64,MODERATE,CALIBRATED_SYNTHETIC_PROTOTYPE
6,5,1,9,09:00-10:00,4,0,PF11,platform,600,52261,6095,57.67,MODERATE,CALIBRATED_SYNTHETIC_PROTOTYPE
6,5,1,9,09:00-10:00,7,0,FOB_CENTRAL,bridge,280,52261,7385,70.07,HIGH,CALIBRATED_SYNTHETIC_PROTOTYPE
6,5,1,9,09:00-10:00,12,0,FOB_SOUTH,bridge,280,52261,6249,63.67,HIGH,CALIBRATED_SYNTHETIC_PROTOTYPE
6,5,1,9,09:00-10:00,9,0,EAST_SKYWALK,bridge,280,52261,4658,41.86,MODERATE,CALIBRATED_SYNTHETIC_PROTOTYPE
6,5,1,9,09:00-10:00,5,0,STAIRS_SOUTH,staircase,150,52261,7436,68.01,HIGH,CALIBRATED_SYNTHETIC_PROTOTYPE
6,5,1,10,10:00-11:00,2,0,PF5,platform,600,47359,6193,48.33,MODERATE,CALIBRATED_SYNTHETIC_PROTOTYPE
6,5,1,10,10:00-11:00,9,0,PF11,platform,600,47359,5148,44.98,MODERATE,CALIBRATED_SYNTHETIC_PROTOTYPE
6,5,1,10,10:00-11:00,7,0,FOB_CENTRAL,bridge,280,47359,6692,63.37,HIGH,CALIBRATED_SYNTHETIC_PROTOTYPE
6,5,1,10,10:00-11:00,15,0,FOB_SOUTH,bridge,280,47359,5662,48.41,MODERATE,CALIBRATED_SYNTHETIC_PROTOTYPE
6,5,1,10,10:00-11:00,2,0,EAST_SKYWALK,bridge,280,47359,4837,38.48,MODERATE,CALIBRATED_SYNTHETIC_PROTOTYPE
6,5,1,10,10:00-11:00,5,0,STAIRS_SOUTH,staircase,150,47359,6738,59.99,MODERATE,CALIBRATED_SYNTHETIC_PROTOTYPE
6,5,1,11,11:00-12:00,7,0,PF5,platform,600,38983,4449,30.1,MODERATE,CALIBRATED_SYNTHETIC_PROTOTYPE
6,5,1,11,11:00-12:00,2,0,PF11,platform,600,38983,4855,36.23,MODERATE,CALIBRATED_SYNTHETIC_PROTOTYPE
6,5,1,11,11:00-12:00,15,0,FOB_CENTRAL,bridge,280,38983,5508,39.52,MODERATE,CALIBRATED_SYNTHETIC_PROTOTYPE
6,5,1,11,11:00-12:00,5,0,FOB_SOUTH,bridge,280,38983,5001,31.69,MODERATE,CALIBRATED_SYNTHETIC_PROTOTYPE
6,5,1,11,11:00-12:00,15,0,EAST_SKYWALK,bridge,280,38983,3475,22.84,LOW,CALIBRATED_SYNTHETIC_PROTOTYPE
6,5,1,11,11:00-12:00,12,0,STAIRS_SOUTH,staircase,150,38983,5169,36.98,MODERATE,CALIBRATED_SYNTHETIC_PROTOTYPE
6,5,1,12,12:00-13:00,5,0,PF5,platform,600,34360,4207,21.69,LOW,CALIBRATED_SYNTHETIC_PROTOTYPE
6,5,1,12,12:00-13:00,15,0,PF11,platform,600,34360,3735,18.95,LOW,CALIBRATED_SYNTHETIC_PROTOTYPE
6,5,1,12,12:00-13:00,15,0,FOB_CENTRAL,bridge,280,34360,4855,29.36,LOW,CALIBRATED_SYNTHETIC_PROTOTYPE
6,5,1,12,12:00-13:00,15,0,FOB_SOUTH,bridge,280,34360,4108,18.48,LOW,CALIBRATED_SYNTHETIC_PROTOTYPE
6,5,1,12,12:00-13:00,4,0,EAST_SKYWALK,bridge,280,34360,3286,21.75,LOW,CALIBRATED_SYNTHETIC_PROTOTYPE
6,5,1,12,12:00-13:00,9,0,STAIRS_SOUTH,staircase,150,34360,4556,26.89,LOW,CALIBRATED_SYNTHETIC_PROTOTYPE
6,5,1,13,13:00-14:00,12,0,PF5,platform,600,32337,3691,24.11,LOW,CALIBRATED_SYNTHETIC_PROTOTYPE
6,5,1,13,13:00-14:00,4,0,PF11,platform,600,32337,3771,23.12,LOW,CALIBRATED_SYNTHETIC_PROTOTYPE
6,5,1,13,13:00-14:00,5,0,FOB_CENTRAL,bridge,280,32337,4903,29.85,LOW,CALIBRATED_SYNTHETIC_PROTOTYPE
6,5,1,13,13:00-14:00,15,0,FOB_SOUTH,bridge,280,32337,3866,23.89,LOW,CALIBRATED_SYNTHETIC_PROTOTYPE
6,5,1,13,13:00-14:00,4,0,EAST_SKYWALK,bridge,280,32337,3092,17.6,LOW,CALIBRATED_SYNTHETIC_PROTOTYPE
6,5,1,13,13:00-14:00,12,0,STAIRS_SOUTH,staircase,150,32337,4288,27.55,LOW,CALIBRATED_SYNTHETIC_PROTOTYPE
6,5,1,14,14:00-15:00,15,0,PF5,platform,600,31476,3592,23.92,LOW,CALIBRATED_SYNTHETIC_PROTOTYPE
6,5,1,14,14:00-15:00,7,0,PF11,platform,600,31476,3421,17.64,LOW,CALIBRATED_SYNTHETIC_PROTOTYPE
6,5,1,14,14:00-15:00,4,0,FOB_CENTRAL,bridge,280,31476,4772,25.28,LOW,CALIBRATED_SYNTHETIC_PROTOTYPE
6,5,1,14,14:00-15:00,12,0,FOB_SOUTH,bridge,280,31476,3763,19.82,LOW,CALIBRATED_SYNTHETIC_PROTOTYPE
6,5,1,14,14:00-15:00,7,0,EAST_SKYWALK,bridge,280,31476,2805,18.12,LOW,CALIBRATED_SYNTHETIC_PROTOTYPE
6,5,1,14,14:00-15:00,4,0,STAIRS_SOUTH,staircase,150,31476,4478,29.63,LOW,CALIBRATED_SYNTHETIC_PROTOTYPE
6,5,1,15,15:00-16:00,5,0,PF5,platform,600,33205,4066,23.46,LOW,CALIBRATED_SYNTHETIC_PROTOTYPE
6,5,1,15,15:00-16:00,9,0,PF11,platform,600,33205,3609,22.9,LOW,CALIBRATED_SYNTHETIC_PROTOTYPE
6,5,1,15,15:00-16:00,15,0,FOB_CENTRAL,bridge,280,33205,4692,31.4,MODERATE,CALIBRATED_SYNTHETIC_PROTOTYPE
6,5,1,15,15:00-16:00,7,0,FOB_SOUTH,bridge,280,33205,3970,17.39,LOW,CALIBRATED_SYNTHETIC_PROTOTYPE
6,5,1,15,15:00-16:00,12,0,EAST_SKYWALK,bridge,280,33205,2960,15.66,LOW,CALIBRATED_SYNTHETIC_PROTOTYPE
6,5,1,15,15:00-16:00,2,0,STAIRS_SOUTH,staircase,150,33205,5045,23.73,LOW,CALIBRATED_SYNTHETIC_PROTOTYPE
6,5,1,16,16:00-17:00,9,0,PF5,platform,600,36669,4185,26.1,LOW,CALIBRATED_SYNTHETIC_PROTOTYPE
6,5,1,16,16:00-17:00,2,0,PF11,platform,600,36669,4567,30.87,MODERATE,CALIBRATED_SYNTHETIC_PROTOTYPE
6,5,1,16,16:00-17:00,12,0,FOB_CENTRAL,bridge,280,36669,5181,34.97,MODERATE,CALIBRATED_SYNTHETIC_PROTOTYPE
6,5,1,16,16:00-17:00,5,0,FOB_SOUTH,bridge,280,36669,4704,29.33,LOW,CALIBRATED_SYNTHETIC_PROTOTYPE
6,5,1,16,16:00-17:00,9,0,EAST_SKYWALK,bridge,280,36669,3268,25.67,LOW,CALIBRATED_SYNTHETIC_PROTOTYPE
6,5,1,16,16:00-17:00,5,0,STAIRS_SOUTH,staircase,150,36669,5217,33.03,MODERATE,CALIBRATED_SYNTHETIC_PROTOTYPE
6,5,1,17,17:00-18:00,7,0,PF5,platform,600,44761,5109,44.04,MODERATE,CALIBRATED_SYNTHETIC_PROTOTYPE
6,5,1,17,17:00-18:00,4,0,PF11,platform,600,44761,5220,42.62,MODERATE,CALIBRATED_SYNTHETIC_PROTOTYPE
6,5,1,17,17:00-18:00,4,0,FOB_CENTRAL,bridge,280,44761,6786,56.23,MODERATE,CALIBRATED_SYNTHETIC_PROTOTYPE
6,5,1,17,17:00-18:00,5,0,FOB_SOUTH,bridge,280,44761,5742,49.72,MODERATE,CALIBRATED_SYNTHETIC_PROTOTYPE
6,5,1,17,17:00-18:00,5,0,EAST_SKYWALK,bridge,280,44761,4280,35.46,MODERATE,CALIBRATED_SYNTHETIC_PROTOTYPE
6,5,1,17,17:00-18:00,15,0,STAIRS_SOUTH,staircase,150,44761,5936,48.59,MODERATE,CALIBRATED_SYNTHETIC_PROTOTYPE
6,5,1,18,18:00-19:00,4,0,PF5,platform,600,54869,6719,58.89,MODERATE,CALIBRATED_SYNTHETIC_PROTOTYPE
6,5,1,18,18:00-19:00,7,0,PF11,platform,600,54869,5964,58.49,MODERATE,CALIBRATED_SYNTHETIC_PROTOTYPE
6,5,1,18,18:00-19:00,7,0,FOB_CENTRAL,bridge,280,54869,7753,70.3,HIGH,CALIBRATED_SYNTHETIC_PROTOTYPE
6,5,1,18,18:00-19:00,12,0,FOB_SOUTH,bridge,280,54869,6560,61.79,HIGH,CALIBRATED_SYNTHETIC_PROTOTYPE
6,5,1,18,18:00-19:00,4,0,EAST_SKYWALK,bridge,280,54869,5247,42.81,MODERATE,CALIBRATED_SYNTHETIC_PROTOTYPE
6,5,1,18,18:00-19:00,5,0,STAIRS_SOUTH,staircase,150,54869,7807,69.38,HIGH,CALIBRATED_SYNTHETIC_PROTOTYPE
6,5,1,19,19:00-20:00,15,0,PF5,platform,600,53423,6097,61.22,HIGH,CALIBRATED_SYNTHETIC_PROTOTYPE
6,5,1,19,19:00-20:00,9,0,PF11,platform,600,53423,5807,54.98,MODERATE,CALIBRATED_SYNTHETIC_PROTOTYPE
6,5,1,19,19:00-20:00,4,0,FOB_CENTRAL,bridge,280,53423,8099,72.08,HIGH,CALIBRATED_SYNTHETIC_PROTOTYPE
6,5,1,19,19:00-20:00,15,0,FOB_SOUTH,bridge,280,53423,6388,56.19,MODERATE,CALIBRATED_SYNTHETIC_PROTOTYPE
6,5,1,19,19:00-20:00,15,0,EAST_SKYWALK,bridge,280,53423,4762,44.56,MODERATE,CALIBRATED_SYNTHETIC_PROTOTYPE
6,5,1,19,19:00-20:00,9,0,STAIRS_SOUTH,staircase,150,53423,7084,67.69,HIGH,CALIBRATED_SYNTHETIC_PROTOTYPE
6,5,1,20,20:00-21:00,5,0,PF5,platform,600,41289,5056,40.06,MODERATE,CALIBRATED_SYNTHETIC_PROTOTYPE
6,5,1,20,20:00-21:00,2,0,PF11,platform,600,41289,5142,40.37,MODERATE,CALIBRATED_SYNTHETIC_PROTOTYPE
6,5,1,20,20:00-21:00,15,0,FOB_CENTRAL,bridge,280,41289,5834,47.69,MODERATE,CALIBRATED_SYNTHETIC_PROTOTYPE
6,5,1,20,20:00-21:00,4,0,FOB_SOUTH,bridge,280,41289,5297,36.24,MODERATE,CALIBRATED_SYNTHETIC_PROTOTYPE
6,5,1,20,20:00-21:00,9,0,EAST_SKYWALK,bridge,280,41289,3680,31.56,MODERATE,CALIBRATED_SYNTHETIC_PROTOTYPE
6,5,1,20,20:00-21:00,9,0,STAIRS_SOUTH,staircase,150,41289,5475,46.04,MODERATE,CALIBRATED_SYNTHETIC_PROTOTYPE
6,5,1,21,21:00-22:00,4,0,PF5,platform,600,29162,3571,11.9,LOW,CALIBRATED_SYNTHETIC_PROTOTYPE
6,5,1,21,21:00-22:00,9,0,PF11,platform,600,29162,3170,15.82,LOW,CALIBRATED_SYNTHETIC_PROTOTYPE
6,5,1,21,21:00-22:00,4,0,FOB_CENTRAL,bridge,280,29162,4421,27.04,LOW,CALIBRATED_SYNTHETIC_PROTOTYPE
6,5,1,21,21:00-22:00,12,0,FOB_SOUTH,bridge,280,29162,3487,18.62,LOW,CALIBRATED_SYNTHETIC_PROTOTYPE
6,5,1,21,21:00-22:00,15,0,EAST_SKYWALK,bridge,280,29162,2599,10.05,LOW,CALIBRATED_SYNTHETIC_PROTOTYPE
6,5,1,21,21:00-22:00,12,0,STAIRS_SOUTH,staircase,150,29162,3867,18.97,LOW,CALIBRATED_SYNTHETIC_PROTOTYPE
7,6,1,8,08:00-09:00,7,0,PF5,platform,600,46473,5458,52.69,MODERATE,CALIBRATED_SYNTHETIC_PROTOTYPE
7,6,1,8,08:00-09:00,7,0,PF11,platform,600,46473,5198,49.68,MODERATE,CALIBRATED_SYNTHETIC_PROTOTYPE
7,6,1,8,08:00-09:00,2,0,FOB_CENTRAL,bridge,280,46473,7743,63.26,HIGH,CALIBRATED_SYNTHETIC_PROTOTYPE
7,6,1,8,08:00-09:00,5,0,FOB_SOUTH,bridge,280,46473,6135,54.88,MODERATE,CALIBRATED_SYNTHETIC_PROTOTYPE
7,6,1,8,08:00-09:00,7,0,EAST_SKYWALK,bridge,280,46473,4263,37.67,MODERATE,CALIBRATED_SYNTHETIC_PROTOTYPE
7,6,1,8,08:00-09:00,12,0,STAIRS_SOUTH,staircase,150,46473,6342,57.82,MODERATE,CALIBRATED_SYNTHETIC_PROTOTYPE
7,6,1,9,09:00-10:00,7,0,PF5,platform,600,52261,6138,58.71,MODERATE,CALIBRATED_SYNTHETIC_PROTOTYPE
7,6,1,9,09:00-10:00,5,0,PF11,platform,600,52261,6272,59.64,MODERATE,CALIBRATED_SYNTHETIC_PROTOTYPE
7,6,1,9,09:00-10:00,15,0,FOB_CENTRAL,bridge,280,52261,7599,64.59,HIGH,CALIBRATED_SYNTHETIC_PROTOTYPE
7,6,1,9,09:00-10:00,2,0,FOB_SOUTH,bridge,280,52261,7368,68.07,HIGH,CALIBRATED_SYNTHETIC_PROTOTYPE
7,6,1,9,09:00-10:00,9,0,EAST_SKYWALK,bridge,280,52261,4793,40.28,MODERATE,CALIBRATED_SYNTHETIC_PROTOTYPE
7,6,1,9,09:00-10:00,4,0,STAIRS_SOUTH,staircase,150,52261,7652,75.47,HIGH,CALIBRATED_SYNTHETIC_PROTOTYPE
7,6,1,10,10:00-11:00,5,0,PF5,platform,600,47359,5968,55.65,MODERATE,CALIBRATED_SYNTHETIC_PROTOTYPE
7,6,1,10,10:00-11:00,12,0,PF11,platform,600,47359,5297,46.54,MODERATE,CALIBRATED_SYNTHETIC_PROTOTYPE
7,6,1,10,10:00-11:00,4,0,FOB_CENTRAL,bridge,280,47359,7389,63.88,HIGH,CALIBRATED_SYNTHETIC_PROTOTYPE
7,6,1,10,10:00-11:00,9,0,FOB_SOUTH,bridge,280,47359,5827,50.96,MODERATE,CALIBRATED_SYNTHETIC_PROTOTYPE
7,6,1,10,10:00-11:00,9,0,EAST_SKYWALK,bridge,280,47359,4344,38.73,MODERATE,CALIBRATED_SYNTHETIC_PROTOTYPE
7,6,1,10,10:00-11:00,9,0,STAIRS_SOUTH,staircase,150,47359,6463,56.03,MODERATE,CALIBRATED_SYNTHETIC_PROTOTYPE
7,6,1,11,11:00-12:00,2,0,PF5,platform,600,38983,5246,38.41,MODERATE,CALIBRATED_SYNTHETIC_PROTOTYPE
7,6,1,11,11:00-12:00,15,0,PF11,platform,600,38983,4360,31.82,MODERATE,CALIBRATED_SYNTHETIC_PROTOTYPE
7,6,1,11,11:00-12:00,7,0,FOB_CENTRAL,bridge,280,38983,5669,44.36,MODERATE,CALIBRATED_SYNTHETIC_PROTOTYPE
7,6,1,11,11:00-12:00,15,0,FOB_SOUTH,bridge,280,38983,4796,35.3,MODERATE,CALIBRATED_SYNTHETIC_PROTOTYPE
7,6,1,11,11:00-12:00,9,0,EAST_SKYWALK,bridge,280,38983,3576,26.42,LOW,CALIBRATED_SYNTHETIC_PROTOTYPE
7,6,1,11,11:00-12:00,15,0,STAIRS_SOUTH,staircase,150,38983,5320,38.5,MODERATE,CALIBRATED_SYNTHETIC_PROTOTYPE
7,6,1,12,12:00-13:00,4,0,PF5,platform,600,34360,4330,27.13,LOW,CALIBRATED_SYNTHETIC_PROTOTYPE
7,6,1,12,12:00-13:00,9,0,PF11,platform,600,34360,3843,22.25,LOW,CALIBRATED_SYNTHETIC_PROTOTYPE
7,6,1,12,12:00-13:00,7,0,FOB_CENTRAL,bridge,280,34360,4996,33.36,MODERATE,CALIBRATED_SYNTHETIC_PROTOTYPE
7,6,1,12,12:00-13:00,9,0,FOB_SOUTH,bridge,280,34360,4228,28.11,LOW,CALIBRATED_SYNTHETIC_PROTOTYPE
7,6,1,12,12:00-13:00,15,0,EAST_SKYWALK,bridge,280,34360,3152,19.71,LOW,CALIBRATED_SYNTHETIC_PROTOTYPE
7,6,1,12,12:00-13:00,12,0,STAIRS_SOUTH,staircase,150,34360,4689,32.86,MODERATE,CALIBRATED_SYNTHETIC_PROTOTYPE
7,6,1,13,13:00-14:00,4,0,PF5,platform,600,32337,4075,26.93,LOW,CALIBRATED_SYNTHETIC_PROTOTYPE
7,6,1,13,13:00-14:00,4,0,PF11,platform,600,32337,3881,22.83,LOW,CALIBRATED_SYNTHETIC_PROTOTYPE
7,6,1,13,13:00-14:00,9,0,FOB_CENTRAL,bridge,280,32337,4702,24.27,LOW,CALIBRATED_SYNTHETIC_PROTOTYPE
7,6,1,13,13:00-14:00,9,0,FOB_SOUTH,bridge,280,32337,3979,24.32,LOW,CALIBRATED_SYNTHETIC_PROTOTYPE
7,6,1,13,13:00-14:00,12,0,EAST_SKYWALK,bridge,280,32337,2966,21.22,LOW,CALIBRATED_SYNTHETIC_PROTOTYPE
7,6,1,13,13:00-14:00,9,0,STAIRS_SOUTH,staircase,150,32337,4413,29.13,LOW,CALIBRATED_SYNTHETIC_PROTOTYPE
7,6,1,14,14:00-15:00,4,0,PF5,platform,600,31476,3966,18.53,LOW,CALIBRATED_SYNTHETIC_PROTOTYPE
7,6,1,14,14:00-15:00,12,0,PF11,platform,600,31476,3521,18.8,LOW,CALIBRATED_SYNTHETIC_PROTOTYPE
7,6,1,14,14:00-15:00,15,0,FOB_CENTRAL,bridge,280,31476,4577,25.08,LOW,CALIBRATED_SYNTHETIC_PROTOTYPE
7,6,1,14,14:00-15:00,7,0,FOB_SOUTH,bridge,280,31476,3873,20.0,LOW,CALIBRATED_SYNTHETIC_PROTOTYPE
7,6,1,14,14:00-15:00,5,0,EAST_SKYWALK,bridge,280,31476,3098,15.87,LOW,CALIBRATED_SYNTHETIC_PROTOTYPE
7,6,1,14,14:00-15:00,7,0,STAIRS_SOUTH,staircase,150,31476,4295,22.22,LOW,CALIBRATED_SYNTHETIC_PROTOTYPE
7,6,1,15,15:00-16:00,12,0,PF5,platform,600,33205,3900,22.52,LOW,CALIBRATED_SYNTHETIC_PROTOTYPE
7,6,1,15,15:00-16:00,15,0,PF11,platform,600,33205,3714,23.32,LOW,CALIBRATED_SYNTHETIC_PROTOTYPE
7,6,1,15,15:00-16:00,7,0,FOB_CENTRAL,bridge,280,33205,4828,25.95,LOW,CALIBRATED_SYNTHETIC_PROTOTYPE
7,6,1,15,15:00-16:00,4,0,FOB_SOUTH,bridge,280,33205,4383,25.22,LOW,CALIBRATED_SYNTHETIC_PROTOTYPE
7,6,1,15,15:00-16:00,9,0,EAST_SKYWALK,bridge,280,33205,3046,15.04,LOW,CALIBRATED_SYNTHETIC_PROTOTYPE
7,6,1,15,15:00-16:00,4,0,STAIRS_SOUTH,staircase,150,33205,4862,23.22,LOW,CALIBRATED_SYNTHETIC_PROTOTYPE
7,6,1,16,16:00-17:00,15,0,PF5,platform,600,36669,4307,29.77,LOW,CALIBRATED_SYNTHETIC_PROTOTYPE
7,6,1,16,16:00-17:00,12,0,PF11,platform,600,36669,4102,28.36,LOW,CALIBRATED_SYNTHETIC_PROTOTYPE
7,6,1,16,16:00-17:00,5,0,FOB_CENTRAL,bridge,280,36669,5721,43.07,MODERATE,CALIBRATED_SYNTHETIC_PROTOTYPE
7,6,1,16,16:00-17:00,7,0,FOB_SOUTH,bridge,280,36669,4512,23.07,LOW,CALIBRATED_SYNTHETIC_PROTOTYPE
7,6,1,16,16:00-17:00,7,0,EAST_SKYWALK,bridge,280,36669,3363,27.86,LOW,CALIBRATED_SYNTHETIC_PROTOTYPE
7,6,1,16,16:00-17:00,12,0,STAIRS_SOUTH,staircase,150,36669,5004,31.1,MODERATE,CALIBRATED_SYNTHETIC_PROTOTYPE
7,6,1,17,17:00-18:00,12,0,PF5,platform,600,44761,5257,41.34,MODERATE,CALIBRATED_SYNTHETIC_PROTOTYPE
7,6,1,17,17:00-18:00,15,0,PF11,platform,600,44761,5007,38.84,MODERATE,CALIBRATED_SYNTHETIC_PROTOTYPE
7,6,1,17,17:00-18:00,7,0,FOB_CENTRAL,bridge,280,44761,6509,58.26,MODERATE,CALIBRATED_SYNTHETIC_PROTOTYPE
7,6,1,17,17:00-18:00,2,0,FOB_SOUTH,bridge,280,44761,6311,57.84,MODERATE,CALIBRATED_SYNTHETIC_PROTOTYPE
7,6,1,17,17:00-18:00,7,0,EAST_SKYWALK,bridge,280,44761,4106,39.76,MODERATE,CALIBRATED_SYNTHETIC_PROTOTYPE
7,6,1,17,17:00-18:00,2,0,STAIRS_SOUTH,staircase,150,44761,6999,58.15,MODERATE,CALIBRATED_SYNTHETIC_PROTOTYPE
7,6,1,18,18:00-19:00,12,0,PF5,platform,600,54869,6444,60.7,HIGH,CALIBRATED_SYNTHETIC_PROTOTYPE
7,6,1,18,18:00-19:00,12,0,PF11,platform,600,54869,6137,58.47,MODERATE,CALIBRATED_SYNTHETIC_PROTOTYPE
7,6,1,18,18:00-19:00,9,0,FOB_CENTRAL,bridge,280,54869,7979,85.03,VERY HIGH,CALIBRATED_SYNTHETIC_PROTOTYPE
7,6,1,18,18:00-19:00,5,0,FOB_SOUTH,bridge,280,54869,7243,71.09,HIGH,CALIBRATED_SYNTHETIC_PROTOTYPE
7,6,1,18,18:00-19:00,5,0,EAST_SKYWALK,bridge,280,54869,5400,54.0,MODERATE,CALIBRATED_SYNTHETIC_PROTOTYPE
7,6,1,18,18:00-19:00,5,0,STAIRS_SOUTH,staircase,150,54869,8034,74.93,HIGH,CALIBRATED_SYNTHETIC_PROTOTYPE
7,6,1,19,19:00-20:00,7,0,PF5,platform,600,53423,6274,61.22,HIGH,CALIBRATED_SYNTHETIC_PROTOTYPE
7,6,1,19,19:00-20:00,7,0,PF11,platform,600,53423,5976,55.8,MODERATE,CALIBRATED_SYNTHETIC_PROTOTYPE
7,6,1,19,19:00-20:00,5,0,FOB_CENTRAL,bridge,280,53423,8335,77.74,HIGH,CALIBRATED_SYNTHETIC_PROTOTYPE
7,6,1,19,19:00-20:00,5,0,FOB_SOUTH,bridge,280,53423,7052,66.76,HIGH,CALIBRATED_SYNTHETIC_PROTOTYPE
7,6,1,19,19:00-20:00,5,0,EAST_SKYWALK,bridge,280,53423,5257,43.2,MODERATE,CALIBRATED_SYNTHETIC_PROTOTYPE
7,6,1,19,19:00-20:00,9,0,STAIRS_SOUTH,staircase,150,53423,7290,69.96,HIGH,CALIBRATED_SYNTHETIC_PROTOTYPE
7,6,1,20,20:00-21:00,12,0,PF5,platform,600,41289,4849,33.3,MODERATE,CALIBRATED_SYNTHETIC_PROTOTYPE
7,6,1,20,20:00-21:00,4,0,PF11,platform,600,41289,4955,38.27,MODERATE,CALIBRATED_SYNTHETIC_PROTOTYPE
7,6,1,20,20:00-21:00,9,0,FOB_CENTRAL,bridge,280,41289,6004,44.5,MODERATE,CALIBRATED_SYNTHETIC_PROTOTYPE
7,6,1,20,20:00-21:00,15,0,FOB_SOUTH,bridge,280,41289,5080,41.91,MODERATE,CALIBRATED_SYNTHETIC_PROTOTYPE
7,6,1,20,20:00-21:00,15,0,EAST_SKYWALK,bridge,280,41289,3787,28.16,LOW,CALIBRATED_SYNTHETIC_PROTOTYPE
7,6,1,20,20:00-21:00,4,0,STAIRS_SOUTH,staircase,150,41289,6045,45.15,MODERATE,CALIBRATED_SYNTHETIC_PROTOTYPE
7,6,1,21,21:00-22:00,7,0,PF5,platform,600,29162,3425,17.61,LOW,CALIBRATED_SYNTHETIC_PROTOTYPE
7,6,1,21,21:00-22:00,4,0,PF11,platform,600,29162,3500,14.11,LOW,CALIBRATED_SYNTHETIC_PROTOTYPE
7,6,1,21,21:00-22:00,2,0,FOB_CENTRAL,bridge,280,29162,4859,23.98,LOW,CALIBRATED_SYNTHETIC_PROTOTYPE
7,6,1,21,21:00-22:00,15,0,FOB_SOUTH,bridge,280,29162,3588,11.89,LOW,CALIBRATED_SYNTHETIC_PROTOTYPE
7,6,1,21,21:00-22:00,15,0,EAST_SKYWALK,bridge,280,29162,2675,13.06,LOW,CALIBRATED_SYNTHETIC_PROTOTYPE
7,6,1,21,21:00-22:00,2,0,STAIRS_SOUTH,staircase,150,29162,4560,21.66,LOW,CALIBRATED_SYNTHETIC_PROTOTYPE
8,0,0,8,08:00-09:00,5,0,PF5,platform,600,46473,7990,68.81,HIGH,CALIBRATED_SYNTHETIC_PROTOTYPE
8,0,0,8,08:00-09:00,15,0,PF11,platform,600,46473,7093,63.32,HIGH,CALIBRATED_SYNTHETIC_PROTOTYPE
8,0,0,8,08:00-09:00,9,0,FOB_CENTRAL,bridge,280,46473,9221,75.1,HIGH,CALIBRATED_SYNTHETIC_PROTOTYPE
8,0,0,8,08:00-09:00,15,0,FOB_SOUTH,bridge,280,46473,7802,63.25,HIGH,CALIBRATED_SYNTHETIC_PROTOTYPE
8,0,0,8,08:00-09:00,5,0,EAST_SKYWALK,bridge,280,46473,6240,56.94,MODERATE,CALIBRATED_SYNTHETIC_PROTOTYPE
8,0,0,8,08:00-09:00,2,0,STAIRS_SOUTH,staircase,150,46473,9915,83.25,VERY HIGH,CALIBRATED_SYNTHETIC_PROTOTYPE
8,0,0,9,09:00-10:00,5,0,PF5,platform,600,52261,8986,77.59,HIGH,CALIBRATED_SYNTHETIC_PROTOTYPE
8,0,0,9,09:00-10:00,2,0,PF11,platform,600,52261,9139,81.62,VERY HIGH,CALIBRATED_SYNTHETIC_PROTOTYPE
8,0,0,9,09:00-10:00,5,0,FOB_CENTRAL,bridge,280,52261,11125,98.0,VERY HIGH,CALIBRATED_SYNTHETIC_PROTOTYPE
8,0,0,9,09:00-10:00,7,0,FOB_SOUTH,bridge,280,52261,8774,80.87,VERY HIGH,CALIBRATED_SYNTHETIC_PROTOTYPE
8,0,0,9,09:00-10:00,7,0,EAST_SKYWALK,bridge,280,52261,6540,63.35,HIGH,CALIBRATED_SYNTHETIC_PROTOTYPE
8,0,0,9,09:00-10:00,4,0,STAIRS_SOUTH,staircase,150,52261,10440,94.07,VERY HIGH,CALIBRATED_SYNTHETIC_PROTOTYPE
8,0,0,10,10:00-11:00,7,0,PF5,platform,600,47359,7589,67.02,HIGH,CALIBRATED_SYNTHETIC_PROTOTYPE
8,0,0,10,10:00-11:00,12,0,PF11,platform,600,47359,7228,57.85,MODERATE,CALIBRATED_SYNTHETIC_PROTOTYPE
8,0,0,10,10:00-11:00,12,0,FOB_CENTRAL,bridge,280,47359,9396,81.5,VERY HIGH,CALIBRATED_SYNTHETIC_PROTOTYPE
8,0,0,10,10:00-11:00,5,0,FOB_SOUTH,bridge,280,47359,8530,73.27,HIGH,CALIBRATED_SYNTHETIC_PROTOTYPE
8,0,0,10,10:00-11:00,2,0,EAST_SKYWALK,bridge,280,47359,6791,56.82,MODERATE,CALIBRATED_SYNTHETIC_PROTOTYPE
8,0,0,10,10:00-11:00,4,0,STAIRS_SOUTH,staircase,150,47359,9461,87.93,VERY HIGH,CALIBRATED_SYNTHETIC_PROTOTYPE
8,0,0,11,11:00-12:00,4,0,PF5,platform,600,38983,6703,45.44,MODERATE,CALIBRATED_SYNTHETIC_PROTOTYPE
8,0,0,11,11:00-12:00,15,0,PF11,platform,600,38983,5950,43.95,MODERATE,CALIBRATED_SYNTHETIC_PROTOTYPE
8,0,0,11,11:00-12:00,4,0,FOB_CENTRAL,bridge,280,38983,8298,58.75,MODERATE,CALIBRATED_SYNTHETIC_PROTOTYPE
8,0,0,11,11:00-12:00,12,0,FOB_SOUTH,bridge,280,38983,6545,49.3,MODERATE,CALIBRATED_SYNTHETIC_PROTOTYPE
8,0,0,11,11:00-12:00,2,0,EAST_SKYWALK,bridge,280,38983,5590,39.23,MODERATE,CALIBRATED_SYNTHETIC_PROTOTYPE
8,0,0,11,11:00-12:00,7,0,STAIRS_SOUTH,staircase,150,38983,7259,56.32,MODERATE,CALIBRATED_SYNTHETIC_PROTOTYPE
8,0,0,12,12:00-13:00,2,0,PF5,platform,600,34360,6309,44.5,MODERATE,CALIBRATED_SYNTHETIC_PROTOTYPE
8,0,0,12,12:00-13:00,12,0,PF11,platform,600,34360,5244,35.0,MODERATE,CALIBRATED_SYNTHETIC_PROTOTYPE
8,0,0,12,12:00-13:00,12,0,FOB_CENTRAL,bridge,280,34360,6817,37.79,MODERATE,CALIBRATED_SYNTHETIC_PROTOTYPE
8,0,0,12,12:00-13:00,4,0,FOB_SOUTH,bridge,280,34360,6189,38.47,MODERATE,CALIBRATED_SYNTHETIC_PROTOTYPE
8,0,0,12,12:00-13:00,2,0,EAST_SKYWALK,bridge,280,34360,4927,31.75,MODERATE,CALIBRATED_SYNTHETIC_PROTOTYPE
8,0,0,12,12:00-13:00,15,0,STAIRS_SOUTH,staircase,150,34360,6398,39.04,MODERATE,CALIBRATED_SYNTHETIC_PROTOTYPE
8,0,0,13,13:00-14:00,5,0,PF5,platform,600,32337,5560,38.19,MODERATE,CALIBRATED_SYNTHETIC_PROTOTYPE
8,0,0,13,13:00-14:00,7,0,PF11,platform,600,32337,4935,28.38,LOW,CALIBRATED_SYNTHETIC_PROTOTYPE
8,0,0,13,13:00-14:00,5,0,FOB_CENTRAL,bridge,280,32337,6884,39.59,MODERATE,CALIBRATED_SYNTHETIC_PROTOTYPE
8,0,0,13,13:00-14:00,7,0,FOB_SOUTH,bridge,280,32337,5429,32.0,MODERATE,CALIBRATED_SYNTHETIC_PROTOTYPE
8,0,0,13,13:00-14:00,5,0,EAST_SKYWALK,bridge,280,32337,4342,26.76,LOW,CALIBRATED_SYNTHETIC_PROTOTYPE
8,0,0,13,13:00-14:00,2,0,STAIRS_SOUTH,staircase,150,32337,6899,43.88,MODERATE,CALIBRATED_SYNTHETIC_PROTOTYPE
8,0,0,14,14:00-15:00,12,0,PF5,platform,600,31476,5044,29.24,LOW,CALIBRATED_SYNTHETIC_PROTOTYPE
8,0,0,14,14:00-15:00,15,0,PF11,platform,600,31476,4804,28.73,LOW,CALIBRATED_SYNTHETIC_PROTOTYPE
8,0,0,14,14:00-15:00,15,0,FOB_CENTRAL,bridge,280,31476,6245,34.79,MODERATE,CALIBRATED_SYNTHETIC_PROTOTYPE
8,0,0,14,14:00-15:00,4,0,FOB_SOUTH,bridge,280,31476,5670,34.64,MODERATE,CALIBRATED_SYNTHETIC_PROTOTYPE
8,0,0,14,14:00-15:00,5,0,EAST_SKYWALK,bridge,280,31476,4226,24.36,LOW,CALIBRATED_SYNTHETIC_PROTOTYPE
8,0,0,14,14:00-15:00,2,0,STAIRS_SOUTH,staircase,150,31476,6715,40.35,MODERATE,CALIBRATED_SYNTHETIC_PROTOTYPE
8,0,0,15,15:00-16:00,15,0,PF5,platform,600,33205,5321,35.97,MODERATE,CALIBRATED_SYNTHETIC_PROTOTYPE
8,0,0,15,15:00-16:00,9,0,PF11,platform,600,33205,5068,31.69,MODERATE,CALIBRATED_SYNTHETIC_PROTOTYPE
8,0,0,15,15:00-16:00,7,0,FOB_CENTRAL,bridge,280,33205,6588,41.08,MODERATE,CALIBRATED_SYNTHETIC_PROTOTYPE
8,0,0,15,15:00-16:00,7,0,FOB_SOUTH,bridge,280,33205,5575,25.12,LOW,CALIBRATED_SYNTHETIC_PROTOTYPE
8,0,0,15,15:00-16:00,2,0,EAST_SKYWALK,bridge,280,33205,4762,18.02,LOW,CALIBRATED_SYNTHETIC_PROTOTYPE
8,0,0,15,15:00-16:00,12,0,STAIRS_SOUTH,staircase,150,33205,6183,32.44,MODERATE,CALIBRATED_SYNTHETIC_PROTOTYPE
8,0,0,16,16:00-17:00,12,0,PF5,platform,600,36669,5876,41.93,MODERATE,CALIBRATED_SYNTHETIC_PROTOTYPE
8,0,0,16,16:00-17:00,4,0,PF11,platform,600,36669,6005,37.89,MODERATE,CALIBRATED_SYNTHETIC_PROTOTYPE
8,0,0,16,16:00-17:00,7,0,FOB_CENTRAL,bridge,280,36669,7275,54.25,MODERATE,CALIBRATED_SYNTHETIC_PROTOTYPE
8,0,0,16,16:00-17:00,2,0,FOB_SOUTH,bridge,280,36669,7054,47.16,MODERATE,CALIBRATED_SYNTHETIC_PROTOTYPE
8,0,0,16,16:00-17:00,9,0,EAST_SKYWALK,bridge,280,36669,4589,31.62,MODERATE,CALIBRATED_SYNTHETIC_PROTOTYPE
8,0,0,16,16:00-17:00,9,0,STAIRS_SOUTH,staircase,150,36669,6828,48.28,MODERATE,CALIBRATED_SYNTHETIC_PROTOTYPE
8,0,0,17,17:00-18:00,12,0,PF5,platform,600,44761,7173,59.88,MODERATE,CALIBRATED_SYNTHETIC_PROTOTYPE
8,0,0,17,17:00-18:00,4,0,PF11,platform,600,44761,7330,57.78,MODERATE,CALIBRATED_SYNTHETIC_PROTOTYPE
8,0,0,17,17:00-18:00,5,0,FOB_CENTRAL,bridge,280,44761,9528,78.91,HIGH,CALIBRATED_SYNTHETIC_PROTOTYPE
8,0,0,17,17:00-18:00,9,0,FOB_SOUTH,bridge,280,44761,7515,58.22,MODERATE,CALIBRATED_SYNTHETIC_PROTOTYPE
8,0,0,17,17:00-18:00,4,0,EAST_SKYWALK,bridge,280,44761,6010,47.61,MODERATE,CALIBRATED_SYNTHETIC_PROTOTYPE
8,0,0,17,17:00-18:00,4,0,STAIRS_SOUTH,staircase,150,44761,8942,76.93,HIGH,CALIBRATED_SYNTHETIC_PROTOTYPE
8,0,0,18,18:00-19:00,12,0,PF5,platform,600,54869,8793,82.35,VERY HIGH,CALIBRATED_SYNTHETIC_PROTOTYPE
8,0,0,18,18:00-19:00,2,0,PF11,platform,600,54869,9595,90.48,VERY HIGH,CALIBRATED_SYNTHETIC_PROTOTYPE
8,0,0,18,18:00-19:00,7,0,FOB_CENTRAL,bridge,280,54869,10886,98.0,VERY HIGH,CALIBRATED_SYNTHETIC_PROTOTYPE
8,0,0,18,18:00-19:00,5,0,FOB_SOUTH,bridge,280,54869,9883,90.52,VERY HIGH,CALIBRATED_SYNTHETIC_PROTOTYPE
8,0,0,18,18:00-19:00,5,0,EAST_SKYWALK,bridge,280,54869,7367,73.03,HIGH,CALIBRATED_SYNTHETIC_PROTOTYPE
8,0,0,18,18:00-19:00,12,0,STAIRS_SOUTH,staircase,150,54869,10216,95.44,VERY HIGH,CALIBRATED_SYNTHETIC_PROTOTYPE
8,0,0,19,19:00-20:00,9,0,PF5,platform,600,53423,8561,81.14,VERY HIGH,CALIBRATED_SYNTHETIC_PROTOTYPE
8,0,0,19,19:00-20:00,9,0,PF11,platform,600,53423,8153,77.4,HIGH,CALIBRATED_SYNTHETIC_PROTOTYPE
8,0,0,19,19:00-20:00,7,0,FOB_CENTRAL,bridge,280,53423,10599,98.0,VERY HIGH,CALIBRATED_SYNTHETIC_PROTOTYPE
8,0,0,19,19:00-20:00,5,0,FOB_SOUTH,bridge,280,53423,9623,91.91,VERY HIGH,CALIBRATED_SYNTHETIC_PROTOTYPE
8,0,0,19,19:00-20:00,15,0,EAST_SKYWALK,bridge,280,53423,6686,64.22,HIGH,CALIBRATED_SYNTHETIC_PROTOTYPE
8,0,0,19,19:00-20:00,12,0,STAIRS_SOUTH,staircase,150,53423,9947,88.52,VERY HIGH,CALIBRATED_SYNTHETIC_PROTOTYPE
8,0,0,20,20:00-21:00,5,0,PF5,platform,600,41289,7099,54.17,MODERATE,CALIBRATED_SYNTHETIC_PROTOTYPE
8,0,0,20,20:00-21:00,15,0,PF11,platform,600,41289,6302,47.44,MODERATE,CALIBRATED_SYNTHETIC_PROTOTYPE
8,0,0,20,20:00-21:00,4,0,FOB_CENTRAL,bridge,280,41289,8789,72.63,HIGH,CALIBRATED_SYNTHETIC_PROTOTYPE
8,0,0,20,20:00-21:00,5,0,FOB_SOUTH,bridge,280,41289,7437,63.09,HIGH,CALIBRATED_SYNTHETIC_PROTOTYPE
8,0,0,20,20:00-21:00,12,0,EAST_SKYWALK,bridge,280,41289,5167,39.76,MODERATE,CALIBRATED_SYNTHETIC_PROTOTYPE
8,0,0,20,20:00-21:00,12,0,STAIRS_SOUTH,staircase,150,41289,7688,60.71,HIGH,CALIBRATED_SYNTHETIC_PROTOTYPE
8,0,0,21,21:00-22:00,4,0,PF5,platform,600,29162,5014,24.91,LOW,CALIBRATED_SYNTHETIC_PROTOTYPE
8,0,0,21,21:00-22:00,12,0,PF11,platform,600,29162,4451,22.18,LOW,CALIBRATED_SYNTHETIC_PROTOTYPE
8,0,0,21,21:00-22:00,5,0,FOB_CENTRAL,bridge,280,29162,6208,30.22,MODERATE,CALIBRATED_SYNTHETIC_PROTOTYPE
8,0,0,21,21:00-22:00,5,0,FOB_SOUTH,bridge,280,29162,5253,23.53,LOW,CALIBRATED_SYNTHETIC_PROTOTYPE
8,0,0,21,21:00-22:00,9,0,EAST_SKYWALK,bridge,280,29162,3650,19.77,LOW,CALIBRATED_SYNTHETIC_PROTOTYPE
8,0,0,21,21:00-22:00,5,0,STAIRS_SOUTH,staircase,150,29162,5826,28.53,LOW,CALIBRATED_SYNTHETIC_PROTOTYPE
9,1,0,8,08:00-09:00,5,0,PF5,platform,600,46473,7365,61.67,HIGH,CALIBRATED_SYNTHETIC_PROTOTYPE
9,1,0,8,08:00-09:00,9,0,PF11,platform,600,46473,6537,58.01,MODERATE,CALIBRATED_SYNTHETIC_PROTOTYPE
9,1,0,8,08:00-09:00,5,0,FOB_CENTRAL,bridge,280,46473,9118,74.05,HIGH,CALIBRATED_SYNTHETIC_PROTOTYPE
9,1,0,8,08:00-09:00,2,0,FOB_SOUTH,bridge,280,46473,8240,74.59,HIGH,CALIBRATED_SYNTHETIC_PROTOTYPE
9,1,0,8,08:00-09:00,4,0,EAST_SKYWALK,bridge,280,46473,5752,44.08,MODERATE,CALIBRATED_SYNTHETIC_PROTOTYPE
9,1,0,8,08:00-09:00,12,0,STAIRS_SOUTH,staircase,150,46473,7976,64.87,HIGH,CALIBRATED_SYNTHETIC_PROTOTYPE
9,1,0,9,09:00-10:00,15,0,PF5,platform,600,52261,7719,71.21,HIGH,CALIBRATED_SYNTHETIC_PROTOTYPE
9,1,0,9,09:00-10:00,9,0,PF11,platform,600,52261,7352,66.84,HIGH,CALIBRATED_SYNTHETIC_PROTOTYPE
9,1,0,9,09:00-10:00,12,0,FOB_CENTRAL,bridge,280,52261,9557,89.82,VERY HIGH,CALIBRATED_SYNTHETIC_PROTOTYPE
9,1,0,9,09:00-10:00,2,0,FOB_SOUTH,bridge,280,52261,9266,86.31,VERY HIGH,CALIBRATED_SYNTHETIC_PROTOTYPE
9,1,0,9,09:00-10:00,15,0,EAST_SKYWALK,bridge,280,52261,6028,56.72,MODERATE,CALIBRATED_SYNTHETIC_PROTOTYPE
9,1,0,9,09:00-10:00,15,0,STAIRS_SOUTH,staircase,150,52261,8969,84.4,VERY HIGH,CALIBRATED_SYNTHETIC_PROTOTYPE
9,1,0,10,10:00-11:00,7,0,PF5,platform,600,47359,6995,59.35,MODERATE,CALIBRATED_SYNTHETIC_PROTOTYPE
9,1,0,10,10:00-11:00,9,0,PF11,platform,600,47359,6662,51.03,MODERATE,CALIBRATED_SYNTHETIC_PROTOTYPE
9,1,0,10,10:00-11:00,12,0,FOB_CENTRAL,bridge,280,47359,8661,74.82,HIGH,CALIBRATED_SYNTHETIC_PROTOTYPE
9,1,0,10,10:00-11:00,4,0,FOB_SOUTH,bridge,280,47359,7863,71.08,HIGH,CALIBRATED_SYNTHETIC_PROTOTYPE
9,1,0,10,10:00-11:00,12,0,EAST_SKYWALK,bridge,280,47359,5463,47.81,MODERATE,CALIBRATED_SYNTHETIC_PROTOTYPE
9,1,0,10,10:00-11:00,15,0,STAIRS_SOUTH,staircase,150,47359,8128,68.73,HIGH,CALIBRATED_SYNTHETIC_PROTOTYPE
9,1,0,11,11:00-12:00,7,0,PF5,platform,600,38983,5758,40.75,MODERATE,CALIBRATED_SYNTHETIC_PROTOTYPE
9,1,0,11,11:00-12:00,2,0,PF11,platform,600,38983,6284,46.19,MODERATE,CALIBRATED_SYNTHETIC_PROTOTYPE
9,1,0,11,11:00-12:00,15,0,FOB_CENTRAL,bridge,280,38983,7129,50.74,MODERATE,CALIBRATED_SYNTHETIC_PROTOTYPE
9,1,0,11,11:00-12:00,9,0,FOB_SOUTH,bridge,280,38983,6032,46.76,MODERATE,CALIBRATED_SYNTHETIC_PROTOTYPE
9,1,0,11,11:00-12:00,12,0,EAST_SKYWALK,bridge,280,38983,4497,30.19,MODERATE,CALIBRATED_SYNTHETIC_PROTOTYPE
9,1,0,11,11:00-12:00,12,0,STAIRS_SOUTH,staircase,150,38983,6690,52.11,MODERATE,CALIBRATED_SYNTHETIC_PROTOTYPE
9,1,0,12,12:00-13:00,9,0,PF5,platform,600,34360,5075,32.64,MODERATE,CALIBRATED_SYNTHETIC_PROTOTYPE
9,1,0,12,12:00-13:00,7,0,PF11,platform,600,34360,4834,28.51,LOW,CALIBRATED_SYNTHETIC_PROTOTYPE
9,1,0,12,12:00-13:00,12,0,FOB_CENTRAL,bridge,280,34360,6284,38.42,MODERATE,CALIBRATED_SYNTHETIC_PROTOTYPE
9,1,0,12,12:00-13:00,4,0,FOB_SOUTH,bridge,280,34360,5705,37.97,MODERATE,CALIBRATED_SYNTHETIC_PROTOTYPE
9,1,0,12,12:00-13:00,5,0,EAST_SKYWALK,bridge,280,34360,4252,28.4,LOW,CALIBRATED_SYNTHETIC_PROTOTYPE
9,1,0,12,12:00-13:00,12,0,STAIRS_SOUTH,staircase,150,34360,5897,33.84,MODERATE,CALIBRATED_SYNTHETIC_PROTOTYPE
9,1,0,13,13:00-14:00,15,0,PF5,platform,600,32337,4776,28.29,LOW,CALIBRATED_SYNTHETIC_PROTOTYPE
9,1,0,13,13:00-14:00,12,0,PF11,platform,600,32337,4549,33.96,MODERATE,CALIBRATED_SYNTHETIC_PROTOTYPE
9,1,0,13,13:00-14:00,9,0,FOB_CENTRAL,bridge,280,32337,5914,39.03,MODERATE,CALIBRATED_SYNTHETIC_PROTOTYPE
9,1,0,13,13:00-14:00,7,0,FOB_SOUTH,bridge,280,32337,5004,29.74,LOW,CALIBRATED_SYNTHETIC_PROTOTYPE
9,1,0,13,13:00-14:00,9,0,EAST_SKYWALK,bridge,280,32337,3730,22.19,LOW,CALIBRATED_SYNTHETIC_PROTOTYPE
9,1,0,13,13:00-14:00,5,0,STAIRS_SOUTH,staircase,150,32337,5954,36.19,MODERATE,CALIBRATED_SYNTHETIC_PROTOTYPE
9,1,0,14,14:00-15:00,5,0,PF5,platform,600,31476,4988,32.36,MODERATE,CALIBRATED_SYNTHETIC_PROTOTYPE
9,1,0,14,14:00-15:00,5,0,PF11,platform,600,31476,4751,25.29,LOW,CALIBRATED_SYNTHETIC_PROTOTYPE
9,1,0,14,14:00-15:00,5,0,FOB_CENTRAL,bridge,280,31476,6176,32.73,MODERATE,CALIBRATED_SYNTHETIC_PROTOTYPE
9,1,0,14,14:00-15:00,15,0,FOB_SOUTH,bridge,280,31476,4871,27.16,LOW,CALIBRATED_SYNTHETIC_PROTOTYPE
9,1,0,14,14:00-15:00,2,0,EAST_SKYWALK,bridge,280,31476,4160,24.72,LOW,CALIBRATED_SYNTHETIC_PROTOTYPE
9,1,0,14,14:00-15:00,5,0,STAIRS_SOUTH,staircase,150,31476,5796,36.87,MODERATE,CALIBRATED_SYNTHETIC_PROTOTYPE
9,1,0,15,15:00-16:00,4,0,PF5,platform,600,33205,5262,31.42,MODERATE,CALIBRATED_SYNTHETIC_PROTOTYPE
9,1,0,15,15:00-16:00,2,0,PF11,platform,600,33205,5352,29.21,LOW,CALIBRATED_SYNTHETIC_PROTOTYPE
9,1,0,15,15:00-16:00,2,0,FOB_CENTRAL,bridge,280,33205,6958,37.55,MODERATE,CALIBRATED_SYNTHETIC_PROTOTYPE
9,1,0,15,15:00-16:00,5,0,FOB_SOUTH,bridge,280,33205,5513,30.79,MODERATE,CALIBRATED_SYNTHETIC_PROTOTYPE
9,1,0,15,15:00-16:00,15,0,EAST_SKYWALK,bridge,280,33205,3830,27.26,LOW,CALIBRATED_SYNTHETIC_PROTOTYPE
9,1,0,15,15:00-16:00,4,0,STAIRS_SOUTH,staircase,150,33205,6114,45.62,MODERATE,CALIBRATED_SYNTHETIC_PROTOTYPE
9,1,0,16,16:00-17:00,15,0,PF5,platform,600,36669,5416,41.63,MODERATE,CALIBRATED_SYNTHETIC_PROTOTYPE
9,1,0,16,16:00-17:00,15,0,PF11,platform,600,36669,5158,36.28,MODERATE,CALIBRATED_SYNTHETIC_PROTOTYPE
9,1,0,16,16:00-17:00,15,0,FOB_CENTRAL,bridge,280,36669,6706,47.51,MODERATE,CALIBRATED_SYNTHETIC_PROTOTYPE
9,1,0,16,16:00-17:00,2,0,FOB_SOUTH,bridge,280,36669,6502,44.99,MODERATE,CALIBRATED_SYNTHETIC_PROTOTYPE
9,1,0,16,16:00-17:00,7,0,EAST_SKYWALK,bridge,280,36669,4230,27.92,LOW,CALIBRATED_SYNTHETIC_PROTOTYPE
9,1,0,16,16:00-17:00,15,0,STAIRS_SOUTH,staircase,150,36669,6293,39.17,MODERATE,CALIBRATED_SYNTHETIC_PROTOTYPE
9,1,0,17,17:00-18:00,9,0,PF5,platform,600,44761,6611,56.79,MODERATE,CALIBRATED_SYNTHETIC_PROTOTYPE
9,1,0,17,17:00-18:00,12,0,PF11,platform,600,44761,6297,51.39,MODERATE,CALIBRATED_SYNTHETIC_PROTOTYPE
9,1,0,17,17:00-18:00,7,0,FOB_CENTRAL,bridge,280,44761,8186,67.91,HIGH,CALIBRATED_SYNTHETIC_PROTOTYPE
9,1,0,17,17:00-18:00,7,0,FOB_SOUTH,bridge,280,44761,6926,59.82,MODERATE,CALIBRATED_SYNTHETIC_PROTOTYPE
9,1,0,17,17:00-18:00,12,0,EAST_SKYWALK,bridge,280,44761,5163,40.85,MODERATE,CALIBRATED_SYNTHETIC_PROTOTYPE
9,1,0,17,17:00-18:00,9,0,STAIRS_SOUTH,staircase,150,44761,7682,67.38,HIGH,CALIBRATED_SYNTHETIC_PROTOTYPE
9,1,0,18,18:00-19:00,2,0,PF5,platform,600,54869,9286,89.36,VERY HIGH,CALIBRATED_SYNTHETIC_PROTOTYPE
9,1,0,18,18:00-19:00,2,0,PF11,platform,600,54869,8844,86.61,VERY HIGH,CALIBRATED_SYNTHETIC_PROTOTYPE
9,1,0,18,18:00-19:00,5,0,FOB_CENTRAL,bridge,280,54869,10766,98.0,VERY HIGH,CALIBRATED_SYNTHETIC_PROTOTYPE
9,1,0,18,18:00-19:00,5,0,FOB_SOUTH,bridge,280,54869,9110,88.04,VERY HIGH,CALIBRATED_SYNTHETIC_PROTOTYPE
9,1,0,18,18:00-19:00,4,0,EAST_SKYWALK,bridge,280,54869,6791,65.82,HIGH,CALIBRATED_SYNTHETIC_PROTOTYPE
9,1,0,18,18:00-19:00,2,0,STAIRS_SOUTH,staircase,150,54869,10790,98.0,VERY HIGH,CALIBRATED_SYNTHETIC_PROTOTYPE
9,1,0,19,19:00-20:00,5,0,PF5,platform,600,53423,8466,74.86,HIGH,CALIBRATED_SYNTHETIC_PROTOTYPE
9,1,0,19,19:00-20:00,12,0,PF11,platform,600,53423,7515,67.68,HIGH,CALIBRATED_SYNTHETIC_PROTOTYPE
9,1,0,19,19:00-20:00,15,0,FOB_CENTRAL,bridge,280,53423,9770,93.6,VERY HIGH,CALIBRATED_SYNTHETIC_PROTOTYPE
9,1,0,19,19:00-20:00,5,0,FOB_SOUTH,bridge,280,53423,8869,87.15,VERY HIGH,CALIBRATED_SYNTHETIC_PROTOTYPE
9,1,0,19,19:00-20:00,12,0,EAST_SKYWALK,bridge,280,53423,6162,53.99,MODERATE,CALIBRATED_SYNTHETIC_PROTOTYPE
9,1,0,19,19:00-20:00,12,0,STAIRS_SOUTH,staircase,150,53423,9168,84.75,VERY HIGH,CALIBRATED_SYNTHETIC_PROTOTYPE
9,1,0,20,20:00-21:00,4,0,PF5,platform,600,41289,6543,51.01,MODERATE,CALIBRATED_SYNTHETIC_PROTOTYPE
9,1,0,20,20:00-21:00,4,0,PF11,platform,600,41289,6232,51.75,MODERATE,CALIBRATED_SYNTHETIC_PROTOTYPE
9,1,0,20,20:00-21:00,5,0,FOB_CENTRAL,bridge,280,41289,8101,63.91,HIGH,CALIBRATED_SYNTHETIC_PROTOTYPE
9,1,0,20,20:00-21:00,4,0,FOB_SOUTH,bridge,280,41289,6855,50.22,MODERATE,CALIBRATED_SYNTHETIC_PROTOTYPE
9,1,0,20,20:00-21:00,7,0,EAST_SKYWALK,bridge,280,41289,4763,36.96,MODERATE,CALIBRATED_SYNTHETIC_PROTOTYPE
9,1,0,20,20:00-21:00,2,0,STAIRS_SOUTH,staircase,150,41289,8119,60.75,HIGH,CALIBRATED_SYNTHETIC_PROTOTYPE
9,1,0,21,21:00-22:00,12,0,PF5,platform,600,29162,4307,20.54,LOW,CALIBRATED_SYNTHETIC_PROTOTYPE
9,1,0,21,21:00-22:00,12,0,PF11,platform,600,29162,4102,19.27,LOW,CALIBRATED_SYNTHETIC_PROTOTYPE
9,1,0,21,21:00-22:00,12,0,FOB_CENTRAL,bridge,280,29162,5333,25.82,LOW,CALIBRATED_SYNTHETIC_PROTOTYPE
9,1,0,21,21:00-22:00,12,0,FOB_SOUTH,bridge,280,29162,4513,21.36,LOW,CALIBRATED_SYNTHETIC_PROTOTYPE
9,1,0,21,21:00-22:00,2,0,EAST_SKYWALK,bridge,280,29162,3854,16.19,LOW,CALIBRATED_SYNTHETIC_PROTOTYPE
9,1,0,21,21:00-22:00,15,0,STAIRS_SOUTH,staircase,150,29162,5005,23.71,LOW,CALIBRATED_SYNTHETIC_PROTOTYPE
10,2,0,8,08:00-09:00,2,0,PF5,platform,600,46473,8587,72.73,HIGH,CALIBRATED_SYNTHETIC_PROTOTYPE
10,2,0,8,08:00-09:00,2,0,PF11,platform,600,46473,8178,73.6,HIGH,CALIBRATED_SYNTHETIC_PROTOTYPE
10,2,0,8,08:00-09:00,9,0,FOB_CENTRAL,bridge,280,46473,9279,79.23,HIGH,CALIBRATED_SYNTHETIC_PROTOTYPE
10,2,0,8,08:00-09:00,4,0,FOB_SOUTH,bridge,280,46473,8424,71.56,HIGH,CALIBRATED_SYNTHETIC_PROTOTYPE
10,2,0,8,08:00-09:00,7,0,EAST_SKYWALK,bridge,280,46473,5853,55.06,MODERATE,CALIBRATED_SYNTHETIC_PROTOTYPE
10,2,0,8,08:00-09:00,12,0,STAIRS_SOUTH,staircase,150,46473,8708,67.29,HIGH,CALIBRATED_SYNTHETIC_PROTOTYPE
10,2,0,9,09:00-10:00,5,0,PF5,platform,600,52261,9042,81.6,VERY HIGH,CALIBRATED_SYNTHETIC_PROTOTYPE
10,2,0,9,09:00-10:00,4,0,PF11,platform,600,52261,8612,79.31,HIGH,CALIBRATED_SYNTHETIC_PROTOTYPE
10,2,0,9,09:00-10:00,15,0,FOB_CENTRAL,bridge,280,52261,10435,97.46,VERY HIGH,CALIBRATED_SYNTHETIC_PROTOTYPE
10,2,0,9,09:00-10:00,2,0,FOB_SOUTH,bridge,280,52261,10117,91.96,VERY HIGH,CALIBRATED_SYNTHETIC_PROTOTYPE
10,2,0,9,09:00-10:00,4,0,EAST_SKYWALK,bridge,280,52261,7062,68.09,HIGH,CALIBRATED_SYNTHETIC_PROTOTYPE
10,2,0,9,09:00-10:00,4,0,STAIRS_SOUTH,staircase,150,52261,10506,97.25,VERY HIGH,CALIBRATED_SYNTHETIC_PROTOTYPE
10,2,0,10,10:00-11:00,9,0,PF5,platform,600,47359,7637,66.81,HIGH,CALIBRATED_SYNTHETIC_PROTOTYPE
10,2,0,10,10:00-11:00,15,0,PF11,platform,600,47359,7274,61.17,HIGH,CALIBRATED_SYNTHETIC_PROTOTYPE
10,2,0,10,10:00-11:00,4,0,FOB_CENTRAL,bridge,280,47359,10145,88.0,VERY HIGH,CALIBRATED_SYNTHETIC_PROTOTYPE
10,2,0,10,10:00-11:00,7,0,FOB_SOUTH,bridge,280,47359,8001,69.14,HIGH,CALIBRATED_SYNTHETIC_PROTOTYPE
10,2,0,10,10:00-11:00,15,0,EAST_SKYWALK,bridge,280,47359,5964,44.19,MODERATE,CALIBRATED_SYNTHETIC_PROTOTYPE
10,2,0,10,10:00-11:00,15,0,STAIRS_SOUTH,staircase,150,47359,8874,72.43,HIGH,CALIBRATED_SYNTHETIC_PROTOTYPE
10,2,0,11,11:00-12:00,9,0,PF5,platform,600,38983,6287,45.13,MODERATE,CALIBRATED_SYNTHETIC_PROTOTYPE
10,2,0,11,11:00-12:00,4,0,PF11,platform,600,38983,6424,46.46,MODERATE,CALIBRATED_SYNTHETIC_PROTOTYPE
10,2,0,11,11:00-12:00,4,0,FOB_CENTRAL,bridge,280,38983,8351,58.44,MODERATE,CALIBRATED_SYNTHETIC_PROTOTYPE
10,2,0,11,11:00-12:00,12,0,FOB_SOUTH,bridge,280,38983,6586,45.83,MODERATE,CALIBRATED_SYNTHETIC_PROTOTYPE
10,2,0,11,11:00-12:00,5,0,EAST_SKYWALK,bridge,280,38983,5268,44.13,MODERATE,CALIBRATED_SYNTHETIC_PROTOTYPE
10,2,0,11,11:00-12:00,12,0,STAIRS_SOUTH,staircase,150,38983,7304,52.46,MODERATE,CALIBRATED_SYNTHETIC_PROTOTYPE
10,2,0,12,12:00-13:00,7,0,PF5,platform,600,34360,5541,31.85,MODERATE,CALIBRATED_SYNTHETIC_PROTOTYPE
10,2,0,12,12:00-13:00,2,0,PF11,platform,600,34360,6047,32.8,MODERATE,CALIBRATED_SYNTHETIC_PROTOTYPE
10,2,0,12,12:00-13:00,9,0,FOB_CENTRAL,bridge,280,34360,6860,40.71,MODERATE,CALIBRATED_SYNTHETIC_PROTOTYPE
10,2,0,12,12:00-13:00,4,0,FOB_SOUTH,bridge,280,34360,6228,39.42,MODERATE,CALIBRATED_SYNTHETIC_PROTOTYPE
10,2,0,12,12:00-13:00,2,0,EAST_SKYWALK,bridge,280,34360,4958,29.3,LOW,CALIBRATED_SYNTHETIC_PROTOTYPE
10,2,0,12,12:00-13:00,12,0,STAIRS_SOUTH,staircase,150,34360,6438,41.46,MODERATE,CALIBRATED_SYNTHETIC_PROTOTYPE
10,2,0,13,13:00-14:00,12,0,PF5,platform,600,32337,5215,31.78,MODERATE,CALIBRATED_SYNTHETIC_PROTOTYPE
10,2,0,13,13:00-14:00,4,0,PF11,platform,600,32337,5329,27.23,LOW,CALIBRATED_SYNTHETIC_PROTOTYPE
10,2,0,13,13:00-14:00,7,0,FOB_CENTRAL,bridge,280,32337,6456,35.39,MODERATE,CALIBRATED_SYNTHETIC_PROTOTYPE
10,2,0,13,13:00-14:00,7,0,FOB_SOUTH,bridge,280,32337,5463,33.87,MODERATE,CALIBRATED_SYNTHETIC_PROTOTYPE
10,2,0,13,13:00-14:00,5,0,EAST_SKYWALK,bridge,280,32337,4369,21.45,LOW,CALIBRATED_SYNTHETIC_PROTOTYPE
10,2,0,13,13:00-14:00,2,0,STAIRS_SOUTH,staircase,150,32337,6943,39.69,MODERATE,CALIBRATED_SYNTHETIC_PROTOTYPE
10,2,0,14,14:00-15:00,12,0,PF5,platform,600,31476,5076,30.33,MODERATE,CALIBRATED_SYNTHETIC_PROTOTYPE
10,2,0,14,14:00-15:00,9,0,PF11,platform,600,31476,4834,26.71,LOW,CALIBRATED_SYNTHETIC_PROTOTYPE
10,2,0,14,14:00-15:00,2,0,FOB_CENTRAL,bridge,280,31476,7201,43.44,MODERATE,CALIBRATED_SYNTHETIC_PROTOTYPE
10,2,0,14,14:00-15:00,7,0,FOB_SOUTH,bridge,280,31476,5318,29.08,LOW,CALIBRATED_SYNTHETIC_PROTOTYPE
10,2,0,14,14:00-15:00,7,0,EAST_SKYWALK,bridge,280,31476,3964,28.05,LOW,CALIBRATED_SYNTHETIC_PROTOTYPE
10,2,0,14,14:00-15:00,2,0,STAIRS_SOUTH,staircase,150,31476,6758,43.81,MODERATE,CALIBRATED_SYNTHETIC_PROTOTYPE
10,2,0,15,15:00-16:00,7,0,PF5,platform,600,33205,5355,29.79,LOW,CALIBRATED_SYNTHETIC_PROTOTYPE
10,2,0,15,15:00-16:00,4,0,PF11,platform,600,33205,5472,37.74,MODERATE,CALIBRATED_SYNTHETIC_PROTOTYPE
10,2,0,15,15:00-16:00,15,0,FOB_CENTRAL,bridge,280,33205,6630,36.36,MODERATE,CALIBRATED_SYNTHETIC_PROTOTYPE
10,2,0,15,15:00-16:00,2,0,FOB_SOUTH,bridge,280,33205,6428,37.64,MODERATE,CALIBRATED_SYNTHETIC_PROTOTYPE
10,2,0,15,15:00-16:00,7,0,EAST_SKYWALK,bridge,280,33205,4182,25.13,LOW,CALIBRATED_SYNTHETIC_PROTOTYPE
10,2,0,15,15:00-16:00,4,0,STAIRS_SOUTH,staircase,150,33205,6675,38.65,MODERATE,CALIBRATED_SYNTHETIC_PROTOTYPE
10,2,0,16,16:00-17:00,4,0,PF5,platform,600,36669,6345,41.59,MODERATE,CALIBRATED_SYNTHETIC_PROTOTYPE
10,2,0,16,16:00-17:00,5,0,PF11,platform,600,36669,6042,39.0,MODERATE,CALIBRATED_SYNTHETIC_PROTOTYPE
10,2,0,16,16:00-17:00,7,0,FOB_CENTRAL,bridge,280,36669,7321,51.35,MODERATE,CALIBRATED_SYNTHETIC_PROTOTYPE
10,2,0,16,16:00-17:00,5,0,FOB_SOUTH,bridge,280,36669,6647,48.47,MODERATE,CALIBRATED_SYNTHETIC_PROTOTYPE
10,2,0,16,16:00-17:00,5,0,EAST_SKYWALK,bridge,280,36669,4955,33.59,MODERATE,CALIBRATED_SYNTHETIC_PROTOTYPE
10,2,0,16,16:00-17:00,4,0,STAIRS_SOUTH,staircase,150,36669,7372,48.66,MODERATE,CALIBRATED_SYNTHETIC_PROTOTYPE
10,2,0,17,17:00-18:00,9,0,PF5,platform,600,44761,7218,55.73,MODERATE,CALIBRATED_SYNTHETIC_PROTOTYPE
10,2,0,17,17:00-18:00,2,0,PF11,platform,600,44761,7877,59.89,MODERATE,CALIBRATED_SYNTHETIC_PROTOTYPE
10,2,0,17,17:00-18:00,7,0,FOB_CENTRAL,bridge,280,44761,8937,70.53,HIGH,CALIBRATED_SYNTHETIC_PROTOTYPE
10,2,0,17,17:00-18:00,9,0,FOB_SOUTH,bridge,280,44761,7562,66.69,HIGH,CALIBRATED_SYNTHETIC_PROTOTYPE
10,2,0,17,17:00-18:00,15,0,EAST_SKYWALK,bridge,280,44761,5637,50.62,MODERATE,CALIBRATED_SYNTHETIC_PROTOTYPE
10,2,0,17,17:00-18:00,12,0,STAIRS_SOUTH,staircase,150,44761,8387,70.78,HIGH,CALIBRATED_SYNTHETIC_PROTOTYPE
10,2,0,18,18:00-19:00,4,0,PF5,platform,600,54869,9494,87.13,VERY HIGH,CALIBRATED_SYNTHETIC_PROTOTYPE
10,2,0,18,18:00-19:00,15,0,PF11,platform,600,54869,8427,81.31,VERY HIGH,CALIBRATED_SYNTHETIC_PROTOTYPE
10,2,0,18,18:00-19:00,2,0,FOB_CENTRAL,bridge,280,54869,12553,98.0,VERY HIGH,CALIBRATED_SYNTHETIC_PROTOTYPE
10,2,0,18,18:00-19:00,5,0,FOB_SOUTH,bridge,280,54869,9946,95.79,VERY HIGH,CALIBRATED_SYNTHETIC_PROTOTYPE
10,2,0,18,18:00-19:00,15,0,EAST_SKYWALK,bridge,280,54869,6910,63.74,HIGH,CALIBRATED_SYNTHETIC_PROTOTYPE
10,2,0,18,18:00-19:00,12,0,STAIRS_SOUTH,staircase,150,54869,10281,93.92,VERY HIGH,CALIBRATED_SYNTHETIC_PROTOTYPE
10,2,0,19,19:00-20:00,5,0,PF5,platform,600,53423,9243,86.43,VERY HIGH,CALIBRATED_SYNTHETIC_PROTOTYPE
10,2,0,19,19:00-20:00,7,0,PF11,platform,600,53423,8205,77.47,HIGH,CALIBRATED_SYNTHETIC_PROTOTYPE
10,2,0,19,19:00-20:00,12,0,FOB_CENTRAL,bridge,280,53423,10667,98.0,VERY HIGH,CALIBRATED_SYNTHETIC_PROTOTYPE
10,2,0,19,19:00-20:00,9,0,FOB_SOUTH,bridge,280,53423,9026,85.85,VERY HIGH,CALIBRATED_SYNTHETIC_PROTOTYPE
10,2,0,19,19:00-20:00,4,0,EAST_SKYWALK,bridge,280,53423,7219,71.95,HIGH,CALIBRATED_SYNTHETIC_PROTOTYPE
10,2,0,19,19:00-20:00,4,0,STAIRS_SOUTH,staircase,150,53423,10740,98.0,VERY HIGH,CALIBRATED_SYNTHETIC_PROTOTYPE
10,2,0,20,20:00-21:00,2,0,PF5,platform,600,41289,7630,64.25,HIGH,CALIBRATED_SYNTHETIC_PROTOTYPE
10,2,0,20,20:00-21:00,9,0,PF11,platform,600,41289,6341,47.61,MODERATE,CALIBRATED_SYNTHETIC_PROTOTYPE
10,2,0,20,20:00-21:00,7,0,FOB_CENTRAL,bridge,280,41289,8244,64.17,HIGH,CALIBRATED_SYNTHETIC_PROTOTYPE
10,2,0,20,20:00-21:00,7,0,FOB_SOUTH,bridge,280,41289,6976,52.89,MODERATE,CALIBRATED_SYNTHETIC_PROTOTYPE
10,2,0,20,20:00-21:00,12,0,EAST_SKYWALK,bridge,280,41289,5200,39.83,MODERATE,CALIBRATED_SYNTHETIC_PROTOTYPE
10,2,0,20,20:00-21:00,15,0,STAIRS_SOUTH,staircase,150,41289,7737,55.35,MODERATE,CALIBRATED_SYNTHETIC_PROTOTYPE
10,2,0,21,21:00-22:00,4,0,PF5,platform,600,29162,5046,29.25,LOW,CALIBRATED_SYNTHETIC_PROTOTYPE
10,2,0,21,21:00-22:00,7,0,PF11,platform,600,29162,4479,19.54,LOW,CALIBRATED_SYNTHETIC_PROTOTYPE
10,2,0,21,21:00-22:00,5,0,FOB_CENTRAL,bridge,280,29162,6247,28.41,LOW,CALIBRATED_SYNTHETIC_PROTOTYPE
10,2,0,21,21:00-22:00,9,0,FOB_SOUTH,bridge,280,29162,4927,22.24,LOW,CALIBRATED_SYNTHETIC_PROTOTYPE
10,2,0,21,21:00-22:00,15,0,EAST_SKYWALK,bridge,280,29162,3673,17.87,LOW,CALIBRATED_SYNTHETIC_PROTOTYPE
10,2,0,21,21:00-22:00,5,0,STAIRS_SOUTH,staircase,150,29162,5863,33.92,MODERATE,CALIBRATED_SYNTHETIC_PROTOTYPE
11,3,0,8,08:00-09:00,7,0,PF5,platform,600,46473,6929,59.37,MODERATE,CALIBRATED_SYNTHETIC_PROTOTYPE
11,3,0,8,08:00-09:00,12,0,PF11,platform,600,46473,6599,58.65,MODERATE,CALIBRATED_SYNTHETIC_PROTOTYPE
11,3,0,8,08:00-09:00,12,0,FOB_CENTRAL,bridge,280,46473,8578,73.0,HIGH,CALIBRATED_SYNTHETIC_PROTOTYPE
11,3,0,8,08:00-09:00,7,0,FOB_SOUTH,bridge,280,46473,7259,61.55,HIGH,CALIBRATED_SYNTHETIC_PROTOTYPE
11,3,0,8,08:00-09:00,7,0,EAST_SKYWALK,bridge,280,46473,5411,48.12,MODERATE,CALIBRATED_SYNTHETIC_PROTOTYPE
11,3,0,8,08:00-09:00,12,0,STAIRS_SOUTH,staircase,150,46473,8051,70.6,HIGH,CALIBRATED_SYNTHETIC_PROTOTYPE
11,3,0,9,09:00-10:00,2,0,PF5,platform,600,52261,8928,86.78,VERY HIGH,CALIBRATED_SYNTHETIC_PROTOTYPE
11,3,0,9,09:00-10:00,9,0,PF11,platform,600,52261,7421,72.65,HIGH,CALIBRATED_SYNTHETIC_PROTOTYPE
11,3,0,9,09:00-10:00,12,0,FOB_CENTRAL,bridge,280,52261,9647,89.91,VERY HIGH,CALIBRATED_SYNTHETIC_PROTOTYPE
11,3,0,9,09:00-10:00,5,0,FOB_SOUTH,bridge,280,52261,8758,78.74,HIGH,CALIBRATED_SYNTHETIC_PROTOTYPE
11,3,0,9,09:00-10:00,15,0,EAST_SKYWALK,bridge,280,52261,6085,54.21,MODERATE,CALIBRATED_SYNTHETIC_PROTOTYPE
11,3,0,9,09:00-10:00,2,0,STAIRS_SOUTH,staircase,150,52261,10373,98.0,VERY HIGH,CALIBRATED_SYNTHETIC_PROTOTYPE
11,3,0,10,10:00-11:00,15,0,PF5,platform,600,47359,7061,60.36,HIGH,CALIBRATED_SYNTHETIC_PROTOTYPE
11,3,0,10,10:00-11:00,7,0,PF11,platform,600,47359,6725,61.69,HIGH,CALIBRATED_SYNTHETIC_PROTOTYPE
11,3,0,10,10:00-11:00,4,0,FOB_CENTRAL,bridge,280,47359,9379,75.01,HIGH,CALIBRATED_SYNTHETIC_PROTOTYPE
11,3,0,10,10:00-11:00,12,0,FOB_SOUTH,bridge,280,47359,7397,66.31,HIGH,CALIBRATED_SYNTHETIC_PROTOTYPE
11,3,0,10,10:00-11:00,7,0,EAST_SKYWALK,bridge,280,47359,5514,48.4,MODERATE,CALIBRATED_SYNTHETIC_PROTOTYPE
11,3,0,10,10:00-11:00,2,0,STAIRS_SOUTH,staircase,150,47359,9400,77.25,HIGH,CALIBRATED_SYNTHETIC_PROTOTYPE
11,3,0,11,11:00-12:00,15,0,PF5,platform,600,38983,5812,48.74,MODERATE,CALIBRATED_SYNTHETIC_PROTOTYPE
11,3,0,11,11:00-12:00,15,0,PF11,platform,600,38983,5535,43.17,MODERATE,CALIBRATED_SYNTHETIC_PROTOTYPE
11,3,0,11,11:00-12:00,2,0,FOB_CENTRAL,bridge,280,38983,8245,59.3,MODERATE,CALIBRATED_SYNTHETIC_PROTOTYPE
11,3,0,11,11:00-12:00,4,0,FOB_SOUTH,bridge,280,38983,6533,46.84,MODERATE,CALIBRATED_SYNTHETIC_PROTOTYPE
11,3,0,11,11:00-12:00,4,0,EAST_SKYWALK,bridge,280,38983,4870,36.57,MODERATE,CALIBRATED_SYNTHETIC_PROTOTYPE
11,3,0,11,11:00-12:00,7,0,STAIRS_SOUTH,staircase,150,38983,6753,52.18,MODERATE,CALIBRATED_SYNTHETIC_PROTOTYPE
11,3,0,12,12:00-13:00,2,0,PF5,platform,600,34360,5870,35.41,MODERATE,CALIBRATED_SYNTHETIC_PROTOTYPE
11,3,0,12,12:00-13:00,15,0,PF11,platform,600,34360,4879,27.61,LOW,CALIBRATED_SYNTHETIC_PROTOTYPE
11,3,0,12,12:00-13:00,15,0,FOB_CENTRAL,bridge,280,34360,6343,40.57,MODERATE,CALIBRATED_SYNTHETIC_PROTOTYPE
11,3,0,12,12:00-13:00,9,0,FOB_SOUTH,bridge,280,34360,5367,27.94,LOW,CALIBRATED_SYNTHETIC_PROTOTYPE
11,3,0,12,12:00-13:00,5,0,EAST_SKYWALK,bridge,280,34360,4292,29.61,LOW,CALIBRATED_SYNTHETIC_PROTOTYPE
11,3,0,12,12:00-13:00,12,0,STAIRS_SOUTH,staircase,150,34360,5952,37.17,MODERATE,CALIBRATED_SYNTHETIC_PROTOTYPE
11,3,0,13,13:00-14:00,9,0,PF5,platform,600,32337,4821,25.23,LOW,CALIBRATED_SYNTHETIC_PROTOTYPE
11,3,0,13,13:00-14:00,15,0,PF11,platform,600,32337,4592,30.57,MODERATE,CALIBRATED_SYNTHETIC_PROTOTYPE
11,3,0,13,13:00-14:00,15,0,FOB_CENTRAL,bridge,280,32337,5969,33.89,MODERATE,CALIBRATED_SYNTHETIC_PROTOTYPE
11,3,0,13,13:00-14:00,5,0,FOB_SOUTH,bridge,280,32337,5419,28.18,LOW,CALIBRATED_SYNTHETIC_PROTOTYPE
11,3,0,13,13:00-14:00,15,0,EAST_SKYWALK,bridge,280,32337,3765,20.01,LOW,CALIBRATED_SYNTHETIC_PROTOTYPE
11,3,0,13,13:00-14:00,12,0,STAIRS_SOUTH,staircase,150,32337,5602,34.0,MODERATE,CALIBRATED_SYNTHETIC_PROTOTYPE
11,3,0,14,14:00-15:00,9,0,PF5,platform,600,31476,4693,31.85,MODERATE,CALIBRATED_SYNTHETIC_PROTOTYPE
11,3,0,14,14:00-15:00,5,0,PF11,platform,600,31476,4795,26.31,LOW,CALIBRATED_SYNTHETIC_PROTOTYPE
11,3,0,14,14:00-15:00,15,0,FOB_CENTRAL,bridge,280,31476,5810,28.16,LOW,CALIBRATED_SYNTHETIC_PROTOTYPE
11,3,0,14,14:00-15:00,7,0,FOB_SOUTH,bridge,280,31476,4916,31.16,MODERATE,CALIBRATED_SYNTHETIC_PROTOTYPE
11,3,0,14,14:00-15:00,9,0,EAST_SKYWALK,bridge,280,31476,3665,18.89,LOW,CALIBRATED_SYNTHETIC_PROTOTYPE
11,3,0,14,14:00-15:00,4,0,STAIRS_SOUTH,staircase,150,31476,5850,32.77,MODERATE,CALIBRATED_SYNTHETIC_PROTOTYPE
11,3,0,15,15:00-16:00,12,0,PF5,platform,600,33205,4951,30.8,MODERATE,CALIBRATED_SYNTHETIC_PROTOTYPE
11,3,0,15,15:00-16:00,9,0,PF11,platform,600,33205,4715,31.58,MODERATE,CALIBRATED_SYNTHETIC_PROTOTYPE
11,3,0,15,15:00-16:00,15,0,FOB_CENTRAL,bridge,280,33205,6129,32.52,MODERATE,CALIBRATED_SYNTHETIC_PROTOTYPE
11,3,0,15,15:00-16:00,7,0,FOB_SOUTH,bridge,280,33205,5186,31.18,MODERATE,CALIBRATED_SYNTHETIC_PROTOTYPE
11,3,0,15,15:00-16:00,9,0,EAST_SKYWALK,bridge,280,33205,3866,17.88,LOW,CALIBRATED_SYNTHETIC_PROTOTYPE
11,3,0,15,15:00-16:00,4,0,STAIRS_SOUTH,staircase,150,33205,6172,34.32,MODERATE,CALIBRATED_SYNTHETIC_PROTOTYPE
11,3,0,16,16:00-17:00,7,0,PF5,platform,600,36669,5467,38.49,MODERATE,CALIBRATED_SYNTHETIC_PROTOTYPE
11,3,0,16,16:00-17:00,15,0,PF11,platform,600,36669,5207,37.12,MODERATE,CALIBRATED_SYNTHETIC_PROTOTYPE
11,3,0,16,16:00-17:00,5,0,FOB_CENTRAL,bridge,280,36669,7262,51.45,MODERATE,CALIBRATED_SYNTHETIC_PROTOTYPE
11,3,0,16,16:00-17:00,15,0,FOB_SOUTH,bridge,280,36669,5727,41.44,MODERATE,CALIBRATED_SYNTHETIC_PROTOTYPE
11,3,0,16,16:00-17:00,15,0,EAST_SKYWALK,bridge,280,36669,4270,28.78,LOW,CALIBRATED_SYNTHETIC_PROTOTYPE
11,3,0,16,16:00-17:00,15,0,STAIRS_SOUTH,staircase,150,36669,6352,41.38,MODERATE,CALIBRATED_SYNTHETIC_PROTOTYPE
11,3,0,17,17:00-18:00,2,0,PF5,platform,600,44761,7647,64.73,HIGH,CALIBRATED_SYNTHETIC_PROTOTYPE
11,3,0,17,17:00-18:00,7,0,PF11,platform,600,44761,6356,51.13,MODERATE,CALIBRATED_SYNTHETIC_PROTOTYPE
11,3,0,17,17:00-18:00,5,0,FOB_CENTRAL,bridge,280,44761,8865,80.44,VERY HIGH,CALIBRATED_SYNTHETIC_PROTOTYPE
11,3,0,17,17:00-18:00,15,0,FOB_SOUTH,bridge,280,44761,6991,58.96,MODERATE,CALIBRATED_SYNTHETIC_PROTOTYPE
11,3,0,17,17:00-18:00,4,0,EAST_SKYWALK,bridge,280,44761,5592,49.12,MODERATE,CALIBRATED_SYNTHETIC_PROTOTYPE
11,3,0,17,17:00-18:00,9,0,STAIRS_SOUTH,staircase,150,44761,7754,63.97,HIGH,CALIBRATED_SYNTHETIC_PROTOTYPE
11,3,0,18,18:00-19:00,5,0,PF5,platform,600,54869,8777,84.74,VERY HIGH,CALIBRATED_SYNTHETIC_PROTOTYPE
11,3,0,18,18:00-19:00,2,0,PF11,platform,600,54869,8927,80.6,VERY HIGH,CALIBRATED_SYNTHETIC_PROTOTYPE
11,3,0,18,18:00-19:00,15,0,FOB_CENTRAL,bridge,280,54869,10128,98.0,VERY HIGH,CALIBRATED_SYNTHETIC_PROTOTYPE
11,3,0,18,18:00-19:00,2,0,FOB_SOUTH,bridge,280,54869,9820,98.0,VERY HIGH,CALIBRATED_SYNTHETIC_PROTOTYPE
11,3,0,18,18:00-19:00,15,0,EAST_SKYWALK,bridge,280,54869,6389,59.32,MODERATE,CALIBRATED_SYNTHETIC_PROTOTYPE
11,3,0,18,18:00-19:00,4,0,STAIRS_SOUTH,staircase,150,54869,10198,94.98,VERY HIGH,CALIBRATED_SYNTHETIC_PROTOTYPE
11,3,0,19,19:00-20:00,15,0,PF5,platform,600,53423,7965,73.49,HIGH,CALIBRATED_SYNTHETIC_PROTOTYPE
11,3,0,19,19:00-20:00,7,0,PF11,platform,600,53423,7586,69.58,HIGH,CALIBRATED_SYNTHETIC_PROTOTYPE
11,3,0,19,19:00-20:00,15,0,FOB_CENTRAL,bridge,280,53423,9861,86.73,VERY HIGH,CALIBRATED_SYNTHETIC_PROTOTYPE
11,3,0,19,19:00-20:00,2,0,FOB_SOUTH,bridge,280,53423,9561,91.72,VERY HIGH,CALIBRATED_SYNTHETIC_PROTOTYPE
11,3,0,19,19:00-20:00,12,0,EAST_SKYWALK,bridge,280,53423,6220,59.12,MODERATE,CALIBRATED_SYNTHETIC_PROTOTYPE
11,3,0,19,19:00-20:00,4,0,STAIRS_SOUTH,staircase,150,53423,9929,89.18,VERY HIGH,CALIBRATED_SYNTHETIC_PROTOTYPE
11,3,0,20,20:00-21:00,4,0,PF5,platform,600,41289,6605,54.98,MODERATE,CALIBRATED_SYNTHETIC_PROTOTYPE
11,3,0,20,20:00-21:00,2,0,PF11,platform,600,41289,6718,55.0,MODERATE,CALIBRATED_SYNTHETIC_PROTOTYPE
11,3,0,20,20:00-21:00,7,0,FOB_CENTRAL,bridge,280,41289,7622,61.62,HIGH,CALIBRATED_SYNTHETIC_PROTOTYPE
11,3,0,20,20:00-21:00,12,0,FOB_SOUTH,bridge,280,41289,6449,51.25,MODERATE,CALIBRATED_SYNTHETIC_PROTOTYPE
11,3,0,20,20:00-21:00,5,0,EAST_SKYWALK,bridge,280,41289,5158,39.95,MODERATE,CALIBRATED_SYNTHETIC_PROTOTYPE
11,3,0,20,20:00-21:00,15,0,STAIRS_SOUTH,staircase,150,41289,7153,56.59,MODERATE,CALIBRATED_SYNTHETIC_PROTOTYPE
11,3,0,21,21:00-22:00,5,0,PF5,platform,600,29162,4665,23.37,LOW,CALIBRATED_SYNTHETIC_PROTOTYPE
11,3,0,21,21:00-22:00,7,0,PF11,platform,600,29162,4141,21.15,LOW,CALIBRATED_SYNTHETIC_PROTOTYPE
11,3,0,21,21:00-22:00,4,0,FOB_CENTRAL,bridge,280,29162,5776,31.96,MODERATE,CALIBRATED_SYNTHETIC_PROTOTYPE
11,3,0,21,21:00-22:00,15,0,FOB_SOUTH,bridge,280,29162,4555,13.7,LOW,CALIBRATED_SYNTHETIC_PROTOTYPE
11,3,0,21,21:00-22:00,7,0,EAST_SKYWALK,bridge,280,29162,3395,16.13,LOW,CALIBRATED_SYNTHETIC_PROTOTYPE
11,3,0,21,21:00-22:00,7,0,STAIRS_SOUTH,staircase,150,29162,5052,19.48,LOW,CALIBRATED_SYNTHETIC_PROTOTYPE
12,4,0,8,08:00-09:00,2,0,PF5,platform,600,46473,8163,66.34,HIGH,CALIBRATED_SYNTHETIC_PROTOTYPE
12,4,0,8,08:00-09:00,2,0,PF11,platform,600,46473,7774,67.3,HIGH,CALIBRATED_SYNTHETIC_PROTOTYPE
12,4,0,8,08:00-09:00,12,0,FOB_CENTRAL,bridge,280,46473,8820,73.19,HIGH,CALIBRATED_SYNTHETIC_PROTOTYPE
12,4,0,8,08:00-09:00,7,0,FOB_SOUTH,bridge,280,46473,7463,68.07,HIGH,CALIBRATED_SYNTHETIC_PROTOTYPE
12,4,0,8,08:00-09:00,2,0,EAST_SKYWALK,bridge,280,46473,6375,55.74,MODERATE,CALIBRATED_SYNTHETIC_PROTOTYPE
12,4,0,8,08:00-09:00,2,0,STAIRS_SOUTH,staircase,150,46473,9485,75.26,HIGH,CALIBRATED_SYNTHETIC_PROTOTYPE
12,4,0,9,09:00-10:00,4,0,PF5,platform,600,52261,8595,80.92,VERY HIGH,CALIBRATED_SYNTHETIC_PROTOTYPE
12,4,0,9,09:00-10:00,15,0,PF11,platform,600,52261,7630,69.68,HIGH,CALIBRATED_SYNTHETIC_PROTOTYPE
12,4,0,9,09:00-10:00,9,0,FOB_CENTRAL,bridge,280,52261,9919,87.06,VERY HIGH,CALIBRATED_SYNTHETIC_PROTOTYPE
12,4,0,9,09:00-10:00,15,0,FOB_SOUTH,bridge,280,52261,8393,80.79,VERY HIGH,CALIBRATED_SYNTHETIC_PROTOTYPE
12,4,0,9,09:00-10:00,7,0,EAST_SKYWALK,bridge,280,52261,6256,56.97,MODERATE,CALIBRATED_SYNTHETIC_PROTOTYPE
12,4,0,9,09:00-10:00,2,0,STAIRS_SOUTH,staircase,150,52261,10666,96.69,VERY HIGH,CALIBRATED_SYNTHETIC_PROTOTYPE
12,4,0,10,10:00-11:00,4,0,PF5,platform,600,47359,7789,69.39,HIGH,CALIBRATED_SYNTHETIC_PROTOTYPE
12,4,0,10,10:00-11:00,4,0,PF11,platform,600,47359,7418,64.87,HIGH,CALIBRATED_SYNTHETIC_PROTOTYPE
12,4,0,10,10:00-11:00,4,0,FOB_CENTRAL,bridge,280,47359,9644,83.31,VERY HIGH,CALIBRATED_SYNTHETIC_PROTOTYPE
12,4,0,10,10:00-11:00,7,0,FOB_SOUTH,bridge,280,47359,7606,67.26,HIGH,CALIBRATED_SYNTHETIC_PROTOTYPE
12,4,0,10,10:00-11:00,7,0,EAST_SKYWALK,bridge,280,47359,5670,55.68,MODERATE,CALIBRATED_SYNTHETIC_PROTOTYPE
12,4,0,10,10:00-11:00,12,0,STAIRS_SOUTH,staircase,150,47359,8435,68.19,HIGH,CALIBRATED_SYNTHETIC_PROTOTYPE
12,4,0,11,11:00-12:00,9,0,PF5,platform,600,38983,5976,48.04,MODERATE,CALIBRATED_SYNTHETIC_PROTOTYPE
12,4,0,11,11:00-12:00,15,0,PF11,platform,600,38983,5691,39.28,MODERATE,CALIBRATED_SYNTHETIC_PROTOTYPE
12,4,0,11,11:00-12:00,7,0,FOB_CENTRAL,bridge,280,38983,7399,57.38,MODERATE,CALIBRATED_SYNTHETIC_PROTOTYPE
12,4,0,11,11:00-12:00,4,0,FOB_SOUTH,bridge,280,38983,6717,52.29,MODERATE,CALIBRATED_SYNTHETIC_PROTOTYPE
12,4,0,11,11:00-12:00,12,0,EAST_SKYWALK,bridge,280,38983,4667,33.66,MODERATE,CALIBRATED_SYNTHETIC_PROTOTYPE
12,4,0,11,11:00-12:00,5,0,STAIRS_SOUTH,staircase,150,38983,7450,54.14,MODERATE,CALIBRATED_SYNTHETIC_PROTOTYPE
12,4,0,12,12:00-13:00,5,0,PF5,platform,600,34360,5651,40.21,MODERATE,CALIBRATED_SYNTHETIC_PROTOTYPE
12,4,0,12,12:00-13:00,4,0,PF11,platform,600,34360,5382,34.83,MODERATE,CALIBRATED_SYNTHETIC_PROTOTYPE
12,4,0,12,12:00-13:00,4,0,FOB_CENTRAL,bridge,280,34360,6997,47.05,MODERATE,CALIBRATED_SYNTHETIC_PROTOTYPE
12,4,0,12,12:00-13:00,9,0,FOB_SOUTH,bridge,280,34360,5518,37.92,MODERATE,CALIBRATED_SYNTHETIC_PROTOTYPE
12,4,0,12,12:00-13:00,12,0,EAST_SKYWALK,bridge,280,34360,4113,28.44,LOW,CALIBRATED_SYNTHETIC_PROTOTYPE
12,4,0,12,12:00-13:00,12,0,STAIRS_SOUTH,staircase,150,34360,6120,38.17,MODERATE,CALIBRATED_SYNTHETIC_PROTOTYPE
12,4,0,13,13:00-14:00,12,0,PF5,platform,600,32337,4957,26.41,LOW,CALIBRATED_SYNTHETIC_PROTOTYPE
12,4,0,13,13:00-14:00,4,0,PF11,platform,600,32337,5065,24.74,LOW,CALIBRATED_SYNTHETIC_PROTOTYPE
12,4,0,13,13:00-14:00,7,0,FOB_CENTRAL,bridge,280,32337,6137,35.67,MODERATE,CALIBRATED_SYNTHETIC_PROTOTYPE
12,4,0,13,13:00-14:00,7,0,FOB_SOUTH,bridge,280,32337,5193,29.08,LOW,CALIBRATED_SYNTHETIC_PROTOTYPE
12,4,0,13,13:00-14:00,4,0,EAST_SKYWALK,bridge,280,32337,4154,20.57,LOW,CALIBRATED_SYNTHETIC_PROTOTYPE
12,4,0,13,13:00-14:00,15,0,STAIRS_SOUTH,staircase,150,32337,5760,37.07,MODERATE,CALIBRATED_SYNTHETIC_PROTOTYPE
12,4,0,14,14:00-15:00,15,0,PF5,platform,600,31476,4825,28.16,LOW,CALIBRATED_SYNTHETIC_PROTOTYPE
12,4,0,14,14:00-15:00,5,0,PF11,platform,600,31476,4930,23.5,LOW,CALIBRATED_SYNTHETIC_PROTOTYPE
12,4,0,14,14:00-15:00,4,0,FOB_CENTRAL,bridge,280,31476,6409,35.54,MODERATE,CALIBRATED_SYNTHETIC_PROTOTYPE
12,4,0,14,14:00-15:00,4,0,FOB_SOUTH,bridge,280,31476,5423,31.31,MODERATE,CALIBRATED_SYNTHETIC_PROTOTYPE
12,4,0,14,14:00-15:00,9,0,EAST_SKYWALK,bridge,280,31476,3768,25.7,LOW,CALIBRATED_SYNTHETIC_PROTOTYPE
12,4,0,14,14:00-15:00,15,0,STAIRS_SOUTH,staircase,150,31476,5606,30.55,MODERATE,CALIBRATED_SYNTHETIC_PROTOTYPE
12,4,0,15,15:00-16:00,4,0,PF5,platform,600,33205,5461,32.24,MODERATE,CALIBRATED_SYNTHETIC_PROTOTYPE
12,4,0,15,15:00-16:00,7,0,PF11,platform,600,33205,4848,31.02,MODERATE,CALIBRATED_SYNTHETIC_PROTOTYPE
12,4,0,15,15:00-16:00,12,0,FOB_CENTRAL,bridge,280,33205,6302,37.15,MODERATE,CALIBRATED_SYNTHETIC_PROTOTYPE
12,4,0,15,15:00-16:00,9,0,FOB_SOUTH,bridge,280,33205,5333,36.84,MODERATE,CALIBRATED_SYNTHETIC_PROTOTYPE
12,4,0,15,15:00-16:00,7,0,EAST_SKYWALK,bridge,280,33205,3975,31.08,MODERATE,CALIBRATED_SYNTHETIC_PROTOTYPE
12,4,0,15,15:00-16:00,9,0,STAIRS_SOUTH,staircase,150,33205,5914,36.25,MODERATE,CALIBRATED_SYNTHETIC_PROTOTYPE
12,4,0,16,16:00-17:00,5,0,PF5,platform,600,36669,6031,42.63,MODERATE,CALIBRATED_SYNTHETIC_PROTOTYPE
12,4,0,16,16:00-17:00,5,0,PF11,platform,600,36669,5744,42.47,MODERATE,CALIBRATED_SYNTHETIC_PROTOTYPE
12,4,0,16,16:00-17:00,15,0,FOB_CENTRAL,bridge,280,36669,6959,45.4,MODERATE,CALIBRATED_SYNTHETIC_PROTOTYPE
12,4,0,16,16:00-17:00,15,0,FOB_SOUTH,bridge,280,36669,5889,41.96,MODERATE,CALIBRATED_SYNTHETIC_PROTOTYPE
12,4,0,16,16:00-17:00,9,0,EAST_SKYWALK,bridge,280,36669,4390,30.37,MODERATE,CALIBRATED_SYNTHETIC_PROTOTYPE
12,4,0,16,16:00-17:00,12,0,STAIRS_SOUTH,staircase,150,36669,6531,41.15,MODERATE,CALIBRATED_SYNTHETIC_PROTOTYPE
12,4,0,17,17:00-18:00,7,0,PF5,platform,600,44761,6862,52.62,MODERATE,CALIBRATED_SYNTHETIC_PROTOTYPE
12,4,0,17,17:00-18:00,7,0,PF11,platform,600,44761,6535,48.89,MODERATE,CALIBRATED_SYNTHETIC_PROTOTYPE
12,4,0,17,17:00-18:00,5,0,FOB_CENTRAL,bridge,280,44761,9115,78.96,HIGH,CALIBRATED_SYNTHETIC_PROTOTYPE
12,4,0,17,17:00-18:00,2,0,FOB_SOUTH,bridge,280,44761,8237,68.26,HIGH,CALIBRATED_SYNTHETIC_PROTOTYPE
12,4,0,17,17:00-18:00,2,0,EAST_SKYWALK,bridge,280,44761,6140,50.35,MODERATE,CALIBRATED_SYNTHETIC_PROTOTYPE
12,4,0,17,17:00-18:00,12,0,STAIRS_SOUTH,staircase,150,44761,7973,65.63,HIGH,CALIBRATED_SYNTHETIC_PROTOTYPE
12,4,0,18,18:00-19:00,7,0,PF5,platform,600,54869,8411,75.22,HIGH,CALIBRATED_SYNTHETIC_PROTOTYPE
12,4,0,18,18:00-19:00,2,0,PF11,platform,600,54869,9179,85.68,VERY HIGH,CALIBRATED_SYNTHETIC_PROTOTYPE
12,4,0,18,18:00-19:00,4,0,FOB_CENTRAL,bridge,280,54869,11173,98.0,VERY HIGH,CALIBRATED_SYNTHETIC_PROTOTYPE
12,4,0,18,18:00-19:00,4,0,FOB_SOUTH,bridge,280,54869,9454,91.15,VERY HIGH,CALIBRATED_SYNTHETIC_PROTOTYPE
12,4,0,18,18:00-19:00,4,0,EAST_SKYWALK,bridge,280,54869,7048,67.68,HIGH,CALIBRATED_SYNTHETIC_PROTOTYPE
12,4,0,18,18:00-19:00,15,0,STAIRS_SOUTH,staircase,150,54869,9773,94.81,VERY HIGH,CALIBRATED_SYNTHETIC_PROTOTYPE
12,4,0,19,19:00-20:00,12,0,PF5,platform,600,53423,8189,78.98,HIGH,CALIBRATED_SYNTHETIC_PROTOTYPE
12,4,0,19,19:00-20:00,4,0,PF11,platform,600,53423,8368,73.89,HIGH,CALIBRATED_SYNTHETIC_PROTOTYPE
12,4,0,19,19:00-20:00,12,0,FOB_CENTRAL,bridge,280,53423,10139,95.06,VERY HIGH,CALIBRATED_SYNTHETIC_PROTOTYPE
12,4,0,19,19:00-20:00,4,0,FOB_SOUTH,bridge,280,53423,9205,83.96,VERY HIGH,CALIBRATED_SYNTHETIC_PROTOTYPE
12,4,0,19,19:00-20:00,5,0,EAST_SKYWALK,bridge,280,53423,6862,62.1,HIGH,CALIBRATED_SYNTHETIC_PROTOTYPE
12,4,0,19,19:00-20:00,2,0,STAIRS_SOUTH,staircase,150,53423,10903,98.0,VERY HIGH,CALIBRATED_SYNTHETIC_PROTOTYPE
12,4,0,20,20:00-21:00,4,0,PF5,platform,600,41289,6791,49.38,MODERATE,CALIBRATED_SYNTHETIC_PROTOTYPE
12,4,0,20,20:00-21:00,2,0,PF11,platform,600,41289,6907,54.56,MODERATE,CALIBRATED_SYNTHETIC_PROTOTYPE
12,4,0,20,20:00-21:00,9,0,FOB_CENTRAL,bridge,280,41289,7836,62.94,HIGH,CALIBRATED_SYNTHETIC_PROTOTYPE
12,4,0,20,20:00-21:00,12,0,FOB_SOUTH,bridge,280,41289,6631,47.9,MODERATE,CALIBRATED_SYNTHETIC_PROTOTYPE
12,4,0,20,20:00-21:00,7,0,EAST_SKYWALK,bridge,280,41289,4943,36.48,MODERATE,CALIBRATED_SYNTHETIC_PROTOTYPE
12,4,0,20,20:00-21:00,12,0,STAIRS_SOUTH,staircase,150,41289,7354,61.03,HIGH,CALIBRATED_SYNTHETIC_PROTOTYPE
12,4,0,21,21:00-22:00,4,0,PF5,platform,600,29162,4796,22.85,LOW,CALIBRATED_SYNTHETIC_PROTOTYPE
12,4,0,21,21:00-22:00,4,0,PF11,platform,600,29162,4568,23.86,LOW,CALIBRATED_SYNTHETIC_PROTOTYPE
12,4,0,21,21:00-22:00,12,0,FOB_CENTRAL,bridge,280,29162,5535,26.97,LOW,CALIBRATED_SYNTHETIC_PROTOTYPE
12,4,0,21,21:00-22:00,4,0,FOB_SOUTH,bridge,280,29162,5025,30.59,MODERATE,CALIBRATED_SYNTHETIC_PROTOTYPE
12,4,0,21,21:00-22:00,4,0,EAST_SKYWALK,bridge,280,29162,3746,18.54,LOW,CALIBRATED_SYNTHETIC_PROTOTYPE
12,4,0,21,21:00-22:00,4,0,STAIRS_SOUTH,staircase,150,29162,5573,28.93,LOW,CALIBRATED_SYNTHETIC_PROTOTYPE
13,5,1,8,08:00-09:00,15,1,PF5,platform,600,46473,5987,46.01,MODERATE,CALIBRATED_SYNTHETIC_PROTOTYPE
13,5,1,8,08:00-09:00,5,1,PF11,platform,600,46473,6118,52.8,MODERATE,CALIBRATED_SYNTHETIC_PROTOTYPE
13,5,1,8,08:00-09:00,2,1,FOB_CENTRAL,bridge,280,46473,8494,76.36,HIGH,CALIBRATED_SYNTHETIC_PROTOTYPE
13,5,1,8,08:00-09:00,15,1,FOB_SOUTH,bridge,280,46473,6273,52.54,MODERATE,CALIBRATED_SYNTHETIC_PROTOTYPE
13,5,1,8,08:00-09:00,2,1,EAST_SKYWALK,bridge,280,46473,5358,41.88,MODERATE,CALIBRATED_SYNTHETIC_PROTOTYPE
13,5,1,8,08:00-09:00,15,1,STAIRS_SOUTH,staircase,150,46473,6957,51.07,MODERATE,CALIBRATED_SYNTHETIC_PROTOTYPE
13,5,1,9,09:00-10:00,7,1,PF5,platform,600,52261,6733,61.41,HIGH,CALIBRATED_SYNTHETIC_PROTOTYPE
13,5,1,9,09:00-10:00,15,1,PF11,platform,600,52261,6412,57.75,MODERATE,CALIBRATED_SYNTHETIC_PROTOTYPE
13,5,1,9,09:00-10:00,5,1,FOB_CENTRAL,bridge,280,52261,8944,85.92,VERY HIGH,CALIBRATED_SYNTHETIC_PROTOTYPE
13,5,1,9,09:00-10:00,7,1,FOB_SOUTH,bridge,280,52261,7054,64.41,HIGH,CALIBRATED_SYNTHETIC_PROTOTYPE
13,5,1,9,09:00-10:00,9,1,EAST_SKYWALK,bridge,280,52261,5258,50.25,MODERATE,CALIBRATED_SYNTHETIC_PROTOTYPE
13,5,1,9,09:00-10:00,7,1,STAIRS_SOUTH,staircase,150,52261,7823,73.67,HIGH,CALIBRATED_SYNTHETIC_PROTOTYPE
13,5,1,10,10:00-11:00,7,1,PF5,platform,600,47359,6102,55.67,MODERATE,CALIBRATED_SYNTHETIC_PROTOTYPE
13,5,1,10,10:00-11:00,7,1,PF11,platform,600,47359,5811,46.72,MODERATE,CALIBRATED_SYNTHETIC_PROTOTYPE
13,5,1,10,10:00-11:00,15,1,FOB_CENTRAL,bridge,280,47359,7554,62.4,HIGH,CALIBRATED_SYNTHETIC_PROTOTYPE
13,5,1,10,10:00-11:00,2,1,FOB_SOUTH,bridge,280,47359,7324,65.54,HIGH,CALIBRATED_SYNTHETIC_PROTOTYPE
13,5,1,10,10:00-11:00,2,1,EAST_SKYWALK,bridge,280,47359,5460,44.39,MODERATE,CALIBRATED_SYNTHETIC_PROTOTYPE
13,5,1,10,10:00-11:00,12,1,STAIRS_SOUTH,staircase,150,47359,7089,65.81,HIGH,CALIBRATED_SYNTHETIC_PROTOTYPE
13,5,1,11,11:00-12:00,2,1,PF5,platform,600,38983,5755,44.83,MODERATE,CALIBRATED_SYNTHETIC_PROTOTYPE
13,5,1,11,11:00-12:00,15,1,PF11,platform,600,38983,4783,35.88,MODERATE,CALIBRATED_SYNTHETIC_PROTOTYPE
13,5,1,11,11:00-12:00,12,1,FOB_CENTRAL,bridge,280,38983,6218,49.81,MODERATE,CALIBRATED_SYNTHETIC_PROTOTYPE
13,5,1,11,11:00-12:00,4,1,FOB_SOUTH,bridge,280,38983,5645,40.79,MODERATE,CALIBRATED_SYNTHETIC_PROTOTYPE
13,5,1,11,11:00-12:00,7,1,EAST_SKYWALK,bridge,280,38983,3922,26.43,LOW,CALIBRATED_SYNTHETIC_PROTOTYPE
13,5,1,11,11:00-12:00,5,1,STAIRS_SOUTH,staircase,150,38983,6261,47.68,MODERATE,CALIBRATED_SYNTHETIC_PROTOTYPE
13,5,1,12,12:00-13:00,4,1,PF5,platform,600,34360,4750,25.56,LOW,CALIBRATED_SYNTHETIC_PROTOTYPE
13,5,1,12,12:00-13:00,4,1,PF11,platform,600,34360,4523,26.64,LOW,CALIBRATED_SYNTHETIC_PROTOTYPE
13,5,1,12,12:00-13:00,9,1,FOB_CENTRAL,bridge,280,34360,5481,33.82,MODERATE,CALIBRATED_SYNTHETIC_PROTOTYPE
13,5,1,12,12:00-13:00,15,1,FOB_SOUTH,bridge,280,34360,4638,25.42,LOW,CALIBRATED_SYNTHETIC_PROTOTYPE
13,5,1,12,12:00-13:00,2,1,EAST_SKYWALK,bridge,280,34360,3961,23.05,LOW,CALIBRATED_SYNTHETIC_PROTOTYPE
13,5,1,12,12:00-13:00,9,1,STAIRS_SOUTH,staircase,150,34360,5144,35.08,MODERATE,CALIBRATED_SYNTHETIC_PROTOTYPE
13,5,1,13,13:00-14:00,4,1,PF5,platform,600,32337,4470,25.73,LOW,CALIBRATED_SYNTHETIC_PROTOTYPE
13,5,1,13,13:00-14:00,12,1,PF11,platform,600,32337,3968,22.05,LOW,CALIBRATED_SYNTHETIC_PROTOTYPE
13,5,1,13,13:00-14:00,12,1,FOB_CENTRAL,bridge,280,32337,5158,27.74,LOW,CALIBRATED_SYNTHETIC_PROTOTYPE
13,5,1,13,13:00-14:00,2,1,FOB_SOUTH,bridge,280,32337,5001,25.83,LOW,CALIBRATED_SYNTHETIC_PROTOTYPE
13,5,1,13,13:00-14:00,5,1,EAST_SKYWALK,bridge,280,32337,3491,18.53,LOW,CALIBRATED_SYNTHETIC_PROTOTYPE
13,5,1,13,13:00-14:00,4,1,STAIRS_SOUTH,staircase,150,32337,5194,26.91,LOW,CALIBRATED_SYNTHETIC_PROTOTYPE
13,5,1,14,14:00-15:00,7,1,PF5,platform,600,31476,4055,24.95,LOW,CALIBRATED_SYNTHETIC_PROTOTYPE
13,5,1,14,14:00-15:00,4,1,PF11,platform,600,31476,4144,18.5,LOW,CALIBRATED_SYNTHETIC_PROTOTYPE
13,5,1,14,14:00-15:00,9,1,FOB_CENTRAL,bridge,280,31476,5021,27.52,LOW,CALIBRATED_SYNTHETIC_PROTOTYPE
13,5,1,14,14:00-15:00,4,1,FOB_SOUTH,bridge,280,31476,4558,26.61,LOW,CALIBRATED_SYNTHETIC_PROTOTYPE
13,5,1,14,14:00-15:00,9,1,EAST_SKYWALK,bridge,280,31476,3167,13.41,LOW,CALIBRATED_SYNTHETIC_PROTOTYPE
13,5,1,14,14:00-15:00,5,1,STAIRS_SOUTH,staircase,150,31476,5055,24.59,LOW,CALIBRATED_SYNTHETIC_PROTOTYPE
13,5,1,15,15:00-16:00,9,1,PF5,platform,600,33205,4278,29.11,LOW,CALIBRATED_SYNTHETIC_PROTOTYPE
13,5,1,15,15:00-16:00,2,1,PF11,platform,600,33205,4668,21.75,LOW,CALIBRATED_SYNTHETIC_PROTOTYPE
13,5,1,15,15:00-16:00,15,1,FOB_CENTRAL,bridge,280,33205,5297,35.79,MODERATE,CALIBRATED_SYNTHETIC_PROTOTYPE
13,5,1,15,15:00-16:00,2,1,FOB_SOUTH,bridge,280,33205,5135,30.78,MODERATE,CALIBRATED_SYNTHETIC_PROTOTYPE
13,5,1,15,15:00-16:00,12,1,EAST_SKYWALK,bridge,280,33205,3341,18.21,LOW,CALIBRATED_SYNTHETIC_PROTOTYPE
13,5,1,15,15:00-16:00,12,1,STAIRS_SOUTH,staircase,150,33205,4971,29.88,LOW,CALIBRATED_SYNTHETIC_PROTOTYPE
13,5,1,16,16:00-17:00,5,1,PF5,platform,600,36669,5069,27.9,LOW,CALIBRATED_SYNTHETIC_PROTOTYPE
13,5,1,16,16:00-17:00,12,1,PF11,platform,600,36669,4499,33.84,MODERATE,CALIBRATED_SYNTHETIC_PROTOTYPE
13,5,1,16,16:00-17:00,4,1,FOB_CENTRAL,bridge,280,36669,6276,41.88,MODERATE,CALIBRATED_SYNTHETIC_PROTOTYPE
13,5,1,16,16:00-17:00,4,1,FOB_SOUTH,bridge,280,36669,5310,32.44,MODERATE,CALIBRATED_SYNTHETIC_PROTOTYPE
13,5,1,16,16:00-17:00,12,1,EAST_SKYWALK,bridge,280,36669,3689,24.9,LOW,CALIBRATED_SYNTHETIC_PROTOTYPE
13,5,1,16,16:00-17:00,15,1,STAIRS_SOUTH,staircase,150,36669,5489,35.64,MODERATE,CALIBRATED_SYNTHETIC_PROTOTYPE
13,5,1,17,17:00-18:00,2,1,PF5,platform,600,44761,6608,56.15,MODERATE,CALIBRATED_SYNTHETIC_PROTOTYPE
13,5,1,17,17:00-18:00,15,1,PF11,platform,600,44761,5492,46.51,MODERATE,CALIBRATED_SYNTHETIC_PROTOTYPE
13,5,1,17,17:00-18:00,4,1,FOB_CENTRAL,bridge,280,44761,7661,68.26,HIGH,CALIBRATED_SYNTHETIC_PROTOTYPE
13,5,1,17,17:00-18:00,15,1,FOB_SOUTH,bridge,280,44761,6041,46.9,MODERATE,CALIBRATED_SYNTHETIC_PROTOTYPE
13,5,1,17,17:00-18:00,2,1,EAST_SKYWALK,bridge,280,44761,5160,46.19,MODERATE,CALIBRATED_SYNTHETIC_PROTOTYPE
13,5,1,17,17:00-18:00,12,1,STAIRS_SOUTH,staircase,150,44761,6701,59.36,MODERATE,CALIBRATED_SYNTHETIC_PROTOTYPE
13,5,1,18,18:00-19:00,2,1,PF5,platform,600,54869,8100,75.71,HIGH,CALIBRATED_SYNTHETIC_PROTOTYPE
13,5,1,18,18:00-19:00,4,1,PF11,platform,600,54869,7223,72.43,HIGH,CALIBRATED_SYNTHETIC_PROTOTYPE
13,5,1,18,18:00-19:00,4,1,FOB_CENTRAL,bridge,280,54869,9390,89.44,VERY HIGH,CALIBRATED_SYNTHETIC_PROTOTYPE
13,5,1,18,18:00-19:00,5,1,FOB_SOUTH,bridge,280,54869,7946,74.53,HIGH,CALIBRATED_SYNTHETIC_PROTOTYPE
13,5,1,18,18:00-19:00,7,1,EAST_SKYWALK,bridge,280,54869,5521,53.1,MODERATE,CALIBRATED_SYNTHETIC_PROTOTYPE
13,5,1,18,18:00-19:00,12,1,STAIRS_SOUTH,staircase,150,54869,8214,76.96,HIGH,CALIBRATED_SYNTHETIC_PROTOTYPE
13,5,1,19,19:00-20:00,2,1,PF5,platform,600,53423,7887,73.76,HIGH,CALIBRATED_SYNTHETIC_PROTOTYPE
13,5,1,19,19:00-20:00,4,1,PF11,platform,600,53423,7033,63.53,HIGH,CALIBRATED_SYNTHETIC_PROTOTYPE
13,5,1,19,19:00-20:00,7,1,FOB_CENTRAL,bridge,280,53423,8522,88.18,VERY HIGH,CALIBRATED_SYNTHETIC_PROTOTYPE
13,5,1,19,19:00-20:00,5,1,FOB_SOUTH,bridge,280,53423,7736,66.79,HIGH,CALIBRATED_SYNTHETIC_PROTOTYPE
13,5,1,19,19:00-20:00,9,1,EAST_SKYWALK,bridge,280,53423,5375,47.83,MODERATE,CALIBRATED_SYNTHETIC_PROTOTYPE
13,5,1,19,19:00-20:00,5,1,STAIRS_SOUTH,staircase,150,53423,8580,81.72,VERY HIGH,CALIBRATED_SYNTHETIC_PROTOTYPE
13,5,1,20,20:00-21:00,12,1,PF5,platform,600,41289,5320,43.56,MODERATE,CALIBRATED_SYNTHETIC_PROTOTYPE
13,5,1,20,20:00-21:00,9,1,PF11,platform,600,41289,5066,42.83,MODERATE,CALIBRATED_SYNTHETIC_PROTOTYPE
13,5,1,20,20:00-21:00,5,1,FOB_CENTRAL,bridge,280,41289,7066,58.22,MODERATE,CALIBRATED_SYNTHETIC_PROTOTYPE
13,5,1,20,20:00-21:00,15,1,FOB_SOUTH,bridge,280,41289,5573,36.21,MODERATE,CALIBRATED_SYNTHETIC_PROTOTYPE
13,5,1,20,20:00-21:00,2,1,EAST_SKYWALK,bridge,280,41289,4760,38.06,MODERATE,CALIBRATED_SYNTHETIC_PROTOTYPE
13,5,1,20,20:00-21:00,4,1,STAIRS_SOUTH,staircase,150,41289,6631,54.69,MODERATE,CALIBRATED_SYNTHETIC_PROTOTYPE
13,5,1,21,21:00-22:00,7,1,PF5,platform,600,29162,3757,15.9,LOW,CALIBRATED_SYNTHETIC_PROTOTYPE
13,5,1,21,21:00-22:00,5,1,PF11,platform,600,29162,3839,19.23,LOW,CALIBRATED_SYNTHETIC_PROTOTYPE
13,5,1,21,21:00-22:00,9,1,FOB_CENTRAL,bridge,280,29162,4652,23.62,LOW,CALIBRATED_SYNTHETIC_PROTOTYPE
13,5,1,21,21:00-22:00,2,1,FOB_SOUTH,bridge,280,29162,4510,25.34,LOW,CALIBRATED_SYNTHETIC_PROTOTYPE
13,5,1,21,21:00-22:00,2,1,EAST_SKYWALK,bridge,280,29162,3362,19.38,LOW,CALIBRATED_SYNTHETIC_PROTOTYPE
13,5,1,21,21:00-22:00,12,1,STAIRS_SOUTH,staircase,150,29162,4365,21.4,LOW,CALIBRATED_SYNTHETIC_PROTOTYPE
14,6,1,8,08:00-09:00,15,0,PF5,platform,600,46473,5214,45.97,MODERATE,CALIBRATED_SYNTHETIC_PROTOTYPE
14,6,1,8,08:00-09:00,12,0,PF11,platform,600,46473,4966,35.1,MODERATE,CALIBRATED_SYNTHETIC_PROTOTYPE
14,6,1,8,08:00-09:00,5,0,FOB_CENTRAL,bridge,280,46473,6926,54.58,MODERATE,CALIBRATED_SYNTHETIC_PROTOTYPE
14,6,1,8,08:00-09:00,2,0,FOB_SOUTH,bridge,280,46473,6259,53.53,MODERATE,CALIBRATED_SYNTHETIC_PROTOTYPE
14,6,1,8,08:00-09:00,9,0,EAST_SKYWALK,bridge,280,46473,4072,38.23,MODERATE,CALIBRATED_SYNTHETIC_PROTOTYPE
14,6,1,8,08:00-09:00,7,0,STAIRS_SOUTH,staircase,150,46473,6058,51.12,MODERATE,CALIBRATED_SYNTHETIC_PROTOTYPE
14,6,1,9,09:00-10:00,12,0,PF5,platform,600,52261,5863,52.45,MODERATE,CALIBRATED_SYNTHETIC_PROTOTYPE
14,6,1,9,09:00-10:00,12,0,PF11,platform,600,52261,5584,55.22,MODERATE,CALIBRATED_SYNTHETIC_PROTOTYPE
14,6,1,9,09:00-10:00,12,0,FOB_CENTRAL,bridge,280,52261,7260,65.66,HIGH,CALIBRATED_SYNTHETIC_PROTOTYPE
14,6,1,9,09:00-10:00,12,0,FOB_SOUTH,bridge,280,52261,6143,55.83,MODERATE,CALIBRATED_SYNTHETIC_PROTOTYPE
14,6,1,9,09:00-10:00,12,0,EAST_SKYWALK,bridge,280,52261,4579,43.31,MODERATE,CALIBRATED_SYNTHETIC_PROTOTYPE
14,6,1,9,09:00-10:00,4,0,STAIRS_SOUTH,staircase,150,52261,7310,62.0,HIGH,CALIBRATED_SYNTHETIC_PROTOTYPE
14,6,1,10,10:00-11:00,2,0,PF5,platform,600,47359,6088,53.0,MODERATE,CALIBRATED_SYNTHETIC_PROTOTYPE
14,6,1,10,10:00-11:00,12,0,PF11,platform,600,47359,5060,50.89,MODERATE,CALIBRATED_SYNTHETIC_PROTOTYPE
14,6,1,10,10:00-11:00,5,0,FOB_CENTRAL,bridge,280,47359,7058,60.68,HIGH,CALIBRATED_SYNTHETIC_PROTOTYPE
14,6,1,10,10:00-11:00,5,0,FOB_SOUTH,bridge,280,47359,5972,57.0,MODERATE,CALIBRATED_SYNTHETIC_PROTOTYPE
14,6,1,10,10:00-11:00,2,0,EAST_SKYWALK,bridge,280,47359,4755,39.0,MODERATE,CALIBRATED_SYNTHETIC_PROTOTYPE
14,6,1,10,10:00-11:00,15,0,STAIRS_SOUTH,staircase,150,47359,6174,54.02,MODERATE,CALIBRATED_SYNTHETIC_PROTOTYPE
14,6,1,11,11:00-12:00,9,0,PF5,platform,600,38983,4374,33.0,MODERATE,CALIBRATED_SYNTHETIC_PROTOTYPE
14,6,1,11,11:00-12:00,15,0,PF11,platform,600,38983,4165,28.53,LOW,CALIBRATED_SYNTHETIC_PROTOTYPE
14,6,1,11,11:00-12:00,9,0,FOB_CENTRAL,bridge,280,38983,5415,35.02,MODERATE,CALIBRATED_SYNTHETIC_PROTOTYPE
14,6,1,11,11:00-12:00,5,0,FOB_SOUTH,bridge,280,38983,4916,36.55,MODERATE,CALIBRATED_SYNTHETIC_PROTOTYPE
14,6,1,11,11:00-12:00,12,0,EAST_SKYWALK,bridge,280,38983,3416,24.43,LOW,CALIBRATED_SYNTHETIC_PROTOTYPE
14,6,1,11,11:00-12:00,5,0,STAIRS_SOUTH,staircase,150,38983,5452,35.24,MODERATE,CALIBRATED_SYNTHETIC_PROTOTYPE
14,6,1,12,12:00-13:00,4,0,PF5,platform,600,34360,4136,27.44,LOW,CALIBRATED_SYNTHETIC_PROTOTYPE
14,6,1,12,12:00-13:00,9,0,PF11,platform,600,34360,3671,21.21,LOW,CALIBRATED_SYNTHETIC_PROTOTYPE
14,6,1,12,12:00-13:00,15,0,FOB_CENTRAL,bridge,280,34360,4773,25.9,LOW,CALIBRATED_SYNTHETIC_PROTOTYPE
14,6,1,12,12:00-13:00,2,0,FOB_SOUTH,bridge,280,34360,4628,26.4,LOW,CALIBRATED_SYNTHETIC_PROTOTYPE
14,6,1,12,12:00-13:00,5,0,EAST_SKYWALK,bridge,280,34360,3230,24.26,LOW,CALIBRATED_SYNTHETIC_PROTOTYPE
14,6,1,12,12:00-13:00,7,0,STAIRS_SOUTH,staircase,150,34360,4479,26.62,LOW,CALIBRATED_SYNTHETIC_PROTOTYPE
14,6,1,13,13:00-14:00,7,0,PF5,platform,600,32337,3628,19.62,LOW,CALIBRATED_SYNTHETIC_PROTOTYPE
14,6,1,13,13:00-14:00,5,0,PF11,platform,600,32337,3707,22.44,LOW,CALIBRATED_SYNTHETIC_PROTOTYPE
14,6,1,13,13:00-14:00,12,0,FOB_CENTRAL,bridge,280,32337,4492,28.91,LOW,CALIBRATED_SYNTHETIC_PROTOTYPE
14,6,1,13,13:00-14:00,5,0,FOB_SOUTH,bridge,280,32337,4078,22.26,LOW,CALIBRATED_SYNTHETIC_PROTOTYPE
14,6,1,13,13:00-14:00,5,0,EAST_SKYWALK,bridge,280,32337,3040,17.33,LOW,CALIBRATED_SYNTHETIC_PROTOTYPE
14,6,1,13,13:00-14:00,12,0,STAIRS_SOUTH,staircase,150,32337,4215,20.53,LOW,CALIBRATED_SYNTHETIC_PROTOTYPE
14,6,1,14,14:00-15:00,4,0,PF5,platform,600,31476,3789,21.8,LOW,CALIBRATED_SYNTHETIC_PROTOTYPE
14,6,1,14,14:00-15:00,12,0,PF11,platform,600,31476,3363,15.13,LOW,CALIBRATED_SYNTHETIC_PROTOTYPE
14,6,1,14,14:00-15:00,7,0,FOB_CENTRAL,bridge,280,31476,4372,23.14,LOW,CALIBRATED_SYNTHETIC_PROTOTYPE
14,6,1,14,14:00-15:00,7,0,FOB_SOUTH,bridge,280,31476,3700,27.89,LOW,CALIBRATED_SYNTHETIC_PROTOTYPE
14,6,1,14,14:00-15:00,12,0,EAST_SKYWALK,bridge,280,31476,2758,16.09,LOW,CALIBRATED_SYNTHETIC_PROTOTYPE
14,6,1,14,14:00-15:00,4,0,STAIRS_SOUTH,staircase,150,31476,4402,21.33,LOW,CALIBRATED_SYNTHETIC_PROTOTYPE
14,6,1,15,15:00-16:00,7,0,PF5,platform,600,33205,3725,23.09,LOW,CALIBRATED_SYNTHETIC_PROTOTYPE
14,6,1,15,15:00-16:00,9,0,PF11,platform,600,33205,3548,14.61,LOW,CALIBRATED_SYNTHETIC_PROTOTYPE
14,6,1,15,15:00-16:00,15,0,FOB_CENTRAL,bridge,280,33205,4612,33.77,MODERATE,CALIBRATED_SYNTHETIC_PROTOTYPE
14,6,1,15,15:00-16:00,7,0,FOB_SOUTH,bridge,280,33205,3903,22.38,LOW,CALIBRATED_SYNTHETIC_PROTOTYPE
14,6,1,15,15:00-16:00,2,0,EAST_SKYWALK,bridge,280,33205,3334,23.35,LOW,CALIBRATED_SYNTHETIC_PROTOTYPE
14,6,1,15,15:00-16:00,9,0,STAIRS_SOUTH,staircase,150,33205,4329,25.84,LOW,CALIBRATED_SYNTHETIC_PROTOTYPE
14,6,1,16,16:00-17:00,12,0,PF5,platform,600,36669,4114,21.53,LOW,CALIBRATED_SYNTHETIC_PROTOTYPE
14,6,1,16,16:00-17:00,12,0,PF11,platform,600,36669,3918,28.93,LOW,CALIBRATED_SYNTHETIC_PROTOTYPE
14,6,1,16,16:00-17:00,2,0,FOB_CENTRAL,bridge,280,36669,5836,37.18,MODERATE,CALIBRATED_SYNTHETIC_PROTOTYPE
14,6,1,16,16:00-17:00,2,0,FOB_SOUTH,bridge,280,36669,4939,34.41,MODERATE,CALIBRATED_SYNTHETIC_PROTOTYPE
14,6,1,16,16:00-17:00,9,0,EAST_SKYWALK,bridge,280,36669,3213,20.56,LOW,CALIBRATED_SYNTHETIC_PROTOTYPE
14,6,1,16,16:00-17:00,15,0,STAIRS_SOUTH,staircase,150,36669,4780,34.76,MODERATE,CALIBRATED_SYNTHETIC_PROTOTYPE
14,6,1,17,17:00-18:00,5,0,PF5,platform,600,44761,5388,47.82,MODERATE,CALIBRATED_SYNTHETIC_PROTOTYPE
14,6,1,17,17:00-18:00,4,0,PF11,platform,600,44761,5132,38.36,MODERATE,CALIBRATED_SYNTHETIC_PROTOTYPE
14,6,1,17,17:00-18:00,5,0,FOB_CENTRAL,bridge,280,44761,6671,61.09,HIGH,CALIBRATED_SYNTHETIC_PROTOTYPE
14,6,1,17,17:00-18:00,2,0,FOB_SOUTH,bridge,280,44761,6028,53.37,MODERATE,CALIBRATED_SYNTHETIC_PROTOTYPE
14,6,1,17,17:00-18:00,2,0,EAST_SKYWALK,bridge,280,44761,4494,34.45,MODERATE,CALIBRATED_SYNTHETIC_PROTOTYPE
14,6,1,17,17:00-18:00,2,0,STAIRS_SOUTH,staircase,150,44761,6686,53.86,MODERATE,CALIBRATED_SYNTHETIC_PROTOTYPE
14,6,1,18,18:00-19:00,2,0,PF5,platform,600,54869,7054,66.86,HIGH,CALIBRATED_SYNTHETIC_PROTOTYPE
14,6,1,18,18:00-19:00,12,0,PF11,platform,600,54869,5863,55.21,MODERATE,CALIBRATED_SYNTHETIC_PROTOTYPE
14,6,1,18,18:00-19:00,5,0,FOB_CENTRAL,bridge,280,54869,8178,76.74,HIGH,CALIBRATED_SYNTHETIC_PROTOTYPE
14,6,1,18,18:00-19:00,9,0,FOB_SOUTH,bridge,280,54869,6449,56.7,MODERATE,CALIBRATED_SYNTHETIC_PROTOTYPE
14,6,1,18,18:00-19:00,5,0,EAST_SKYWALK,bridge,280,54869,5158,51.55,MODERATE,CALIBRATED_SYNTHETIC_PROTOTYPE
14,6,1,18,18:00-19:00,7,0,STAIRS_SOUTH,staircase,150,54869,7153,63.58,HIGH,CALIBRATED_SYNTHETIC_PROTOTYPE
14,6,1,19,19:00-20:00,2,0,PF5,platform,600,53423,6868,61.57,HIGH,CALIBRATED_SYNTHETIC_PROTOTYPE
14,6,1,19,19:00-20:00,4,0,PF11,platform,600,53423,6125,57.43,MODERATE,CALIBRATED_SYNTHETIC_PROTOTYPE
14,6,1,19,19:00-20:00,5,0,FOB_CENTRAL,bridge,280,53423,7962,78.66,HIGH,CALIBRATED_SYNTHETIC_PROTOTYPE
14,6,1,19,19:00-20:00,4,0,FOB_SOUTH,bridge,280,53423,6737,64.33,HIGH,CALIBRATED_SYNTHETIC_PROTOTYPE
14,6,1,19,19:00-20:00,9,0,EAST_SKYWALK,bridge,280,53423,4681,45.65,MODERATE,CALIBRATED_SYNTHETIC_PROTOTYPE
14,6,1,19,19:00-20:00,5,0,STAIRS_SOUTH,staircase,150,53423,7472,67.33,HIGH,CALIBRATED_SYNTHETIC_PROTOTYPE
14,6,1,20,20:00-21:00,15,0,PF5,platform,600,41289,4632,36.88,MODERATE,CALIBRATED_SYNTHETIC_PROTOTYPE
14,6,1,20,20:00-21:00,2,0,PF11,platform,600,41289,5055,37.75,MODERATE,CALIBRATED_SYNTHETIC_PROTOTYPE
14,6,1,20,20:00-21:00,12,0,FOB_CENTRAL,bridge,280,41289,5735,42.18,MODERATE,CALIBRATED_SYNTHETIC_PROTOTYPE
14,6,1,20,20:00-21:00,4,0,FOB_SOUTH,bridge,280,41289,5207,38.54,MODERATE,CALIBRATED_SYNTHETIC_PROTOTYPE
14,6,1,20,20:00-21:00,2,0,EAST_SKYWALK,bridge,280,41289,4145,30.47,MODERATE,CALIBRATED_SYNTHETIC_PROTOTYPE
14,6,1,20,20:00-21:00,5,0,STAIRS_SOUTH,staircase,150,41289,5775,48.1,MODERATE,CALIBRATED_SYNTHETIC_PROTOTYPE
14,6,1,21,21:00-22:00,5,0,PF5,platform,600,29162,3510,22.32,LOW,CALIBRATED_SYNTHETIC_PROTOTYPE
14,6,1,21,21:00-22:00,7,0,PF11,platform,600,29162,3116,22.06,LOW,CALIBRATED_SYNTHETIC_PROTOTYPE
14,6,1,21,21:00-22:00,4,0,FOB_CENTRAL,bridge,280,29162,4346,21.49,LOW,CALIBRATED_SYNTHETIC_PROTOTYPE
14,6,1,21,21:00-22:00,9,0,FOB_SOUTH,bridge,280,29162,3428,13.25,LOW,CALIBRATED_SYNTHETIC_PROTOTYPE
14,6,1,21,21:00-22:00,9,0,EAST_SKYWALK,bridge,280,29162,2555,10.62,LOW,CALIBRATED_SYNTHETIC_PROTOTYPE
14,6,1,21,21:00-22:00,9,0,STAIRS_SOUTH,staircase,150,29162,3802,15.44,LOW,CALIBRATED_SYNTHETIC_PROTOTYPE
15,0,0,8,08:00-09:00,2,0,PF5,platform,600,46473,8218,66.42,HIGH,CALIBRATED_SYNTHETIC_PROTOTYPE
15,0,0,8,08:00-09:00,5,0,PF11,platform,600,46473,7328,65.01,HIGH,CALIBRATED_SYNTHETIC_PROTOTYPE
15,0,0,8,08:00-09:00,5,0,FOB_CENTRAL,bridge,280,46473,9527,89.66,VERY HIGH,CALIBRATED_SYNTHETIC_PROTOTYPE
15,0,0,8,08:00-09:00,7,0,FOB_SOUTH,bridge,280,46473,7513,62.71,HIGH,CALIBRATED_SYNTHETIC_PROTOTYPE
15,0,0,8,08:00-09:00,2,0,EAST_SKYWALK,bridge,280,46473,6418,50.84,MODERATE,CALIBRATED_SYNTHETIC_PROTOTYPE
15,0,0,8,08:00-09:00,12,0,STAIRS_SOUTH,staircase,150,46473,8333,76.17,HIGH,CALIBRATED_SYNTHETIC_PROTOTYPE
15,0,0,9,09:00-10:00,2,0,PF5,platform,600,52261,9241,85.95,VERY HIGH,CALIBRATED_SYNTHETIC_PROTOTYPE
15,0,0,9,09:00-10:00,9,0,PF11,platform,600,52261,7681,66.66,HIGH,CALIBRATED_SYNTHETIC_PROTOTYPE
15,0,0,9,09:00-10:00,15,0,FOB_CENTRAL,bridge,280,52261,9985,88.54,VERY HIGH,CALIBRATED_SYNTHETIC_PROTOTYPE
15,0,0,9,09:00-10:00,7,0,FOB_SOUTH,bridge,280,52261,8449,82.15,VERY HIGH,CALIBRATED_SYNTHETIC_PROTOTYPE
15,0,0,9,09:00-10:00,2,0,EAST_SKYWALK,bridge,280,52261,7217,66.71,HIGH,CALIBRATED_SYNTHETIC_PROTOTYPE
15,0,0,9,09:00-10:00,2,0,STAIRS_SOUTH,staircase,150,52261,10738,91.52,VERY HIGH,CALIBRATED_SYNTHETIC_PROTOTYPE
15,0,0,10,10:00-11:00,7,0,PF5,platform,600,47359,7309,65.22,HIGH,CALIBRATED_SYNTHETIC_PROTOTYPE
15,0,0,10,10:00-11:00,15,0,PF11,platform,600,47359,6961,63.79,HIGH,CALIBRATED_SYNTHETIC_PROTOTYPE
15,0,0,10,10:00-11:00,15,0,FOB_CENTRAL,bridge,280,47359,9049,73.42,HIGH,CALIBRATED_SYNTHETIC_PROTOTYPE
15,0,0,10,10:00-11:00,15,0,FOB_SOUTH,bridge,280,47359,7657,67.07,HIGH,CALIBRATED_SYNTHETIC_PROTOTYPE
15,0,0,10,10:00-11:00,5,0,EAST_SKYWALK,bridge,280,47359,6124,47.94,MODERATE,CALIBRATED_SYNTHETIC_PROTOTYPE
15,0,0,10,10:00-11:00,4,0,STAIRS_SOUTH,staircase,150,47359,9111,78.71,HIGH,CALIBRATED_SYNTHETIC_PROTOTYPE
15,0,0,11,11:00-12:00,9,0,PF5,platform,600,38983,6016,43.33,MODERATE,CALIBRATED_SYNTHETIC_PROTOTYPE
15,0,0,11,11:00-12:00,7,0,PF11,platform,600,38983,5730,36.56,MODERATE,CALIBRATED_SYNTHETIC_PROTOTYPE
15,0,0,11,11:00-12:00,9,0,FOB_CENTRAL,bridge,280,38983,7448,53.78,MODERATE,CALIBRATED_SYNTHETIC_PROTOTYPE
15,0,0,11,11:00-12:00,2,0,FOB_SOUTH,bridge,280,38983,7222,52.65,MODERATE,CALIBRATED_SYNTHETIC_PROTOTYPE
15,0,0,11,11:00-12:00,2,0,EAST_SKYWALK,bridge,280,38983,5383,38.25,MODERATE,CALIBRATED_SYNTHETIC_PROTOTYPE
15,0,0,11,11:00-12:00,15,0,STAIRS_SOUTH,staircase,150,38983,6990,51.27,MODERATE,CALIBRATED_SYNTHETIC_PROTOTYPE
15,0,0,12,12:00-13:00,4,0,PF5,platform,600,34360,5689,35.33,MODERATE,CALIBRATED_SYNTHETIC_PROTOTYPE
15,0,0,12,12:00-13:00,5,0,PF11,platform,600,34360,5418,33.29,MODERATE,CALIBRATED_SYNTHETIC_PROTOTYPE
15,0,0,12,12:00-13:00,5,0,FOB_CENTRAL,bridge,280,34360,7044,39.11,MODERATE,CALIBRATED_SYNTHETIC_PROTOTYPE
15,0,0,12,12:00-13:00,12,0,FOB_SOUTH,bridge,280,34360,5555,36.82,MODERATE,CALIBRATED_SYNTHETIC_PROTOTYPE
15,0,0,12,12:00-13:00,15,0,EAST_SKYWALK,bridge,280,34360,4141,26.5,LOW,CALIBRATED_SYNTHETIC_PROTOTYPE
15,0,0,12,12:00-13:00,7,0,STAIRS_SOUTH,staircase,150,34360,6161,42.13,MODERATE,CALIBRATED_SYNTHETIC_PROTOTYPE
15,0,0,13,13:00-14:00,5,0,PF5,platform,600,32337,5354,25.42,LOW,CALIBRATED_SYNTHETIC_PROTOTYPE
15,0,0,13,13:00-14:00,15,0,PF11,platform,600,32337,4753,28.64,LOW,CALIBRATED_SYNTHETIC_PROTOTYPE
15,0,0,13,13:00-14:00,5,0,FOB_CENTRAL,bridge,280,32337,6629,39.31,MODERATE,CALIBRATED_SYNTHETIC_PROTOTYPE
15,0,0,13,13:00-14:00,4,0,FOB_SOUTH,bridge,280,32337,5609,31.44,MODERATE,CALIBRATED_SYNTHETIC_PROTOTYPE
15,0,0,13,13:00-14:00,12,0,EAST_SKYWALK,bridge,280,32337,3897,25.61,LOW,CALIBRATED_SYNTHETIC_PROTOTYPE
15,0,0,13,13:00-14:00,15,0,STAIRS_SOUTH,staircase,150,32337,5798,35.39,MODERATE,CALIBRATED_SYNTHETIC_PROTOTYPE
15,0,0,14,14:00-15:00,5,0,PF5,platform,600,31476,5212,22.93,LOW,CALIBRATED_SYNTHETIC_PROTOTYPE
15,0,0,14,14:00-15:00,9,0,PF11,platform,600,31476,4626,28.27,LOW,CALIBRATED_SYNTHETIC_PROTOTYPE
15,0,0,14,14:00-15:00,5,0,FOB_CENTRAL,bridge,280,31476,6453,38.15,MODERATE,CALIBRATED_SYNTHETIC_PROTOTYPE
15,0,0,14,14:00-15:00,4,0,FOB_SOUTH,bridge,280,31476,5460,28.01,LOW,CALIBRATED_SYNTHETIC_PROTOTYPE
15,0,0,14,14:00-15:00,4,0,EAST_SKYWALK,bridge,280,31476,4070,25.43,LOW,CALIBRATED_SYNTHETIC_PROTOTYPE
15,0,0,14,14:00-15:00,5,0,STAIRS_SOUTH,staircase,150,31476,6056,38.66,MODERATE,CALIBRATED_SYNTHETIC_PROTOTYPE
15,0,0,15,15:00-16:00,7,0,PF5,platform,600,33205,5124,30.49,MODERATE,CALIBRATED_SYNTHETIC_PROTOTYPE
15,0,0,15,15:00-16:00,15,0,PF11,platform,600,33205,4880,31.93,MODERATE,CALIBRATED_SYNTHETIC_PROTOTYPE
15,0,0,15,15:00-16:00,15,0,FOB_CENTRAL,bridge,280,33205,6344,35.24,MODERATE,CALIBRATED_SYNTHETIC_PROTOTYPE
15,0,0,15,15:00-16:00,4,0,FOB_SOUTH,bridge,280,33205,5760,36.28,MODERATE,CALIBRATED_SYNTHETIC_PROTOTYPE
15,0,0,15,15:00-16:00,2,0,EAST_SKYWALK,bridge,280,33205,4585,28.16,LOW,CALIBRATED_SYNTHETIC_PROTOTYPE
15,0,0,15,15:00-16:00,7,0,STAIRS_SOUTH,staircase,150,33205,5954,36.88,MODERATE,CALIBRATED_SYNTHETIC_PROTOTYPE
15,0,0,16,16:00-17:00,5,0,PF5,platform,600,36669,6072,46.28,MODERATE,CALIBRATED_SYNTHETIC_PROTOTYPE
15,0,0,16,16:00-17:00,5,0,PF11,platform,600,36669,5782,37.15,MODERATE,CALIBRATED_SYNTHETIC_PROTOTYPE
15,0,0,16,16:00-17:00,5,0,FOB_CENTRAL,bridge,280,36669,7517,51.84,MODERATE,CALIBRATED_SYNTHETIC_PROTOTYPE
15,0,0,16,16:00-17:00,5,0,FOB_SOUTH,bridge,280,36669,6361,46.47,MODERATE,CALIBRATED_SYNTHETIC_PROTOTYPE
15,0,0,16,16:00-17:00,7,0,EAST_SKYWALK,bridge,280,36669,4419,26.52,LOW,CALIBRATED_SYNTHETIC_PROTOTYPE
15,0,0,16,16:00-17:00,12,0,STAIRS_SOUTH,staircase,150,36669,6575,39.2,MODERATE,CALIBRATED_SYNTHETIC_PROTOTYPE
15,0,0,17,17:00-18:00,2,0,PF5,platform,600,44761,7915,62.28,HIGH,CALIBRATED_SYNTHETIC_PROTOTYPE
15,0,0,17,17:00-18:00,12,0,PF11,platform,600,44761,6579,53.4,MODERATE,CALIBRATED_SYNTHETIC_PROTOTYPE
15,0,0,17,17:00-18:00,15,0,FOB_CENTRAL,bridge,280,44761,8552,69.0,HIGH,CALIBRATED_SYNTHETIC_PROTOTYPE
15,0,0,17,17:00-18:00,5,0,FOB_SOUTH,bridge,280,44761,7764,65.08,HIGH,CALIBRATED_SYNTHETIC_PROTOTYPE
15,0,0,17,17:00-18:00,15,0,EAST_SKYWALK,bridge,280,44761,5395,46.75,MODERATE,CALIBRATED_SYNTHETIC_PROTOTYPE
15,0,0,17,17:00-18:00,4,0,STAIRS_SOUTH,staircase,150,44761,8611,72.84,HIGH,CALIBRATED_SYNTHETIC_PROTOTYPE
15,0,0,18,18:00-19:00,15,0,PF5,platform,600,54869,8468,79.62,HIGH,CALIBRATED_SYNTHETIC_PROTOTYPE
15,0,0,18,18:00-19:00,9,0,PF11,platform,600,54869,8064,79.44,HIGH,CALIBRATED_SYNTHETIC_PROTOTYPE
15,0,0,18,18:00-19:00,2,0,FOB_CENTRAL,bridge,280,54869,12013,98.0,VERY HIGH,CALIBRATED_SYNTHETIC_PROTOTYPE
15,0,0,18,18:00-19:00,4,0,FOB_SOUTH,bridge,280,54869,9518,92.03,VERY HIGH,CALIBRATED_SYNTHETIC_PROTOTYPE
15,0,0,18,18:00-19:00,9,0,EAST_SKYWALK,bridge,280,54869,6613,66.81,HIGH,CALIBRATED_SYNTHETIC_PROTOTYPE
15,0,0,18,18:00-19:00,7,0,STAIRS_SOUTH,staircase,150,54869,9839,96.17,VERY HIGH,CALIBRATED_SYNTHETIC_PROTOTYPE
15,0,0,19,19:00-20:00,9,0,PF5,platform,600,53423,8245,77.33,HIGH,CALIBRATED_SYNTHETIC_PROTOTYPE
15,0,0,19,19:00-20:00,15,0,PF11,platform,600,53423,7852,72.57,HIGH,CALIBRATED_SYNTHETIC_PROTOTYPE
15,0,0,19,19:00-20:00,9,0,FOB_CENTRAL,bridge,280,53423,10207,94.05,VERY HIGH,CALIBRATED_SYNTHETIC_PROTOTYPE
15,0,0,19,19:00-20:00,15,0,FOB_SOUTH,bridge,280,53423,8637,81.22,VERY HIGH,CALIBRATED_SYNTHETIC_PROTOTYPE
15,0,0,19,19:00-20:00,15,0,EAST_SKYWALK,bridge,280,53423,6439,58.34,MODERATE,CALIBRATED_SYNTHETIC_PROTOTYPE
15,0,0,19,19:00-20:00,4,0,STAIRS_SOUTH,staircase,150,53423,10278,93.96,VERY HIGH,CALIBRATED_SYNTHETIC_PROTOTYPE
15,0,0,20,20:00-21:00,4,0,PF5,platform,600,41289,6837,49.85,MODERATE,CALIBRATED_SYNTHETIC_PROTOTYPE
15,0,0,20,20:00-21:00,9,0,PF11,platform,600,41289,6069,41.6,MODERATE,CALIBRATED_SYNTHETIC_PROTOTYPE
15,0,0,20,20:00-21:00,7,0,FOB_CENTRAL,bridge,280,41289,7889,66.64,HIGH,CALIBRATED_SYNTHETIC_PROTOTYPE
15,0,0,20,20:00-21:00,5,0,FOB_SOUTH,bridge,280,41289,7162,59.85,MODERATE,CALIBRATED_SYNTHETIC_PROTOTYPE
15,0,0,20,20:00-21:00,12,0,EAST_SKYWALK,bridge,280,41289,4976,40.78,MODERATE,CALIBRATED_SYNTHETIC_PROTOTYPE
15,0,0,20,20:00-21:00,4,0,STAIRS_SOUTH,staircase,150,41289,7943,65.9,HIGH,CALIBRATED_SYNTHETIC_PROTOTYPE
15,0,0,21,21:00-22:00,7,0,PF5,platform,600,29162,4500,22.34,LOW,CALIBRATED_SYNTHETIC_PROTOTYPE
15,0,0,21,21:00-22:00,9,0,PF11,platform,600,29162,4286,14.96,LOW,CALIBRATED_SYNTHETIC_PROTOTYPE
15,0,0,21,21:00-22:00,7,0,FOB_CENTRAL,bridge,280,29162,5572,24.09,LOW,CALIBRATED_SYNTHETIC_PROTOTYPE
15,0,0,21,21:00-22:00,9,0,FOB_SOUTH,bridge,280,29162,4715,23.68,LOW,CALIBRATED_SYNTHETIC_PROTOTYPE
15,0,0,21,21:00-22:00,7,0,EAST_SKYWALK,bridge,280,29162,3515,18.84,LOW,CALIBRATED_SYNTHETIC_PROTOTYPE
15,0,0,21,21:00-22:00,12,0,STAIRS_SOUTH,staircase,150,29162,5229,28.68,LOW,CALIBRATED_SYNTHETIC_PROTOTYPE
16,1,0,8,08:00-09:00,9,0,PF5,platform,600,46473,7196,54.89,MODERATE,CALIBRATED_SYNTHETIC_PROTOTYPE
16,1,0,8,08:00-09:00,9,0,PF11,platform,600,46473,6854,57.64,MODERATE,CALIBRATED_SYNTHETIC_PROTOTYPE
16,1,0,8,08:00-09:00,15,0,FOB_CENTRAL,bridge,280,46473,8910,71.32,HIGH,CALIBRATED_SYNTHETIC_PROTOTYPE
16,1,0,8,08:00-09:00,4,0,FOB_SOUTH,bridge,280,46473,8089,70.33,HIGH,CALIBRATED_SYNTHETIC_PROTOTYPE
16,1,0,8,08:00-09:00,2,0,EAST_SKYWALK,bridge,280,46473,6440,51.68,MODERATE,CALIBRATED_SYNTHETIC_PROTOTYPE
16,1,0,8,08:00-09:00,4,0,STAIRS_SOUTH,staircase,150,46473,8971,74.83,HIGH,CALIBRATED_SYNTHETIC_PROTOTYPE
16,1,0,9,09:00-10:00,7,0,PF5,platform,600,52261,8093,76.29,HIGH,CALIBRATED_SYNTHETIC_PROTOTYPE
16,1,0,9,09:00-10:00,4,0,PF11,platform,600,52261,8269,75.72,HIGH,CALIBRATED_SYNTHETIC_PROTOTYPE
16,1,0,9,09:00-10:00,5,0,FOB_CENTRAL,bridge,280,52261,10750,95.46,VERY HIGH,CALIBRATED_SYNTHETIC_PROTOTYPE
16,1,0,9,09:00-10:00,15,0,FOB_SOUTH,bridge,280,52261,8478,78.13,HIGH,CALIBRATED_SYNTHETIC_PROTOTYPE
16,1,0,9,09:00-10:00,15,0,EAST_SKYWALK,bridge,280,52261,6320,56.76,MODERATE,CALIBRATED_SYNTHETIC_PROTOTYPE
16,1,0,9,09:00-10:00,12,0,STAIRS_SOUTH,staircase,150,52261,9403,87.85,VERY HIGH,CALIBRATED_SYNTHETIC_PROTOTYPE
16,1,0,10,10:00-11:00,4,0,PF5,platform,600,47359,7868,69.52,HIGH,CALIBRATED_SYNTHETIC_PROTOTYPE
16,1,0,10,10:00-11:00,15,0,PF11,platform,600,47359,6984,62.01,HIGH,CALIBRATED_SYNTHETIC_PROTOTYPE
16,1,0,10,10:00-11:00,2,0,FOB_CENTRAL,bridge,280,47359,10404,93.47,VERY HIGH,CALIBRATED_SYNTHETIC_PROTOTYPE
16,1,0,10,10:00-11:00,12,0,FOB_SOUTH,bridge,280,47359,7683,57.24,MODERATE,CALIBRATED_SYNTHETIC_PROTOTYPE
16,1,0,10,10:00-11:00,7,0,EAST_SKYWALK,bridge,280,47359,5727,52.56,MODERATE,CALIBRATED_SYNTHETIC_PROTOTYPE
16,1,0,10,10:00-11:00,5,0,STAIRS_SOUTH,staircase,150,47359,9142,78.05,HIGH,CALIBRATED_SYNTHETIC_PROTOTYPE
16,1,0,11,11:00-12:00,9,0,PF5,platform,600,38983,6037,41.1,MODERATE,CALIBRATED_SYNTHETIC_PROTOTYPE
16,1,0,11,11:00-12:00,12,0,PF11,platform,600,38983,5749,45.35,MODERATE,CALIBRATED_SYNTHETIC_PROTOTYPE
16,1,0,11,11:00-12:00,4,0,FOB_CENTRAL,bridge,280,38983,8019,62.34,HIGH,CALIBRATED_SYNTHETIC_PROTOTYPE
16,1,0,11,11:00-12:00,12,0,FOB_SOUTH,bridge,280,38983,6324,46.33,MODERATE,CALIBRATED_SYNTHETIC_PROTOTYPE
16,1,0,11,11:00-12:00,7,0,EAST_SKYWALK,bridge,280,38983,4714,32.91,MODERATE,CALIBRATED_SYNTHETIC_PROTOTYPE
16,1,0,11,11:00-12:00,5,0,STAIRS_SOUTH,staircase,150,38983,7525,52.27,MODERATE,CALIBRATED_SYNTHETIC_PROTOTYPE
16,1,0,12,12:00-13:00,2,0,PF5,platform,600,34360,6097,41.04,MODERATE,CALIBRATED_SYNTHETIC_PROTOTYPE
16,1,0,12,12:00-13:00,5,0,PF11,platform,600,34360,5437,29.48,LOW,CALIBRATED_SYNTHETIC_PROTOTYPE
16,1,0,12,12:00-13:00,12,0,FOB_CENTRAL,bridge,280,34360,6587,39.38,MODERATE,CALIBRATED_SYNTHETIC_PROTOTYPE
16,1,0,12,12:00-13:00,7,0,FOB_SOUTH,bridge,280,34360,5574,39.39,MODERATE,CALIBRATED_SYNTHETIC_PROTOTYPE
16,1,0,12,12:00-13:00,2,0,EAST_SKYWALK,bridge,280,34360,4761,35.14,MODERATE,CALIBRATED_SYNTHETIC_PROTOTYPE
16,1,0,12,12:00-13:00,4,0,STAIRS_SOUTH,staircase,150,34360,6633,42.16,MODERATE,CALIBRATED_SYNTHETIC_PROTOTYPE
16,1,0,13,13:00-14:00,4,0,PF5,platform,600,32337,5373,29.41,LOW,CALIBRATED_SYNTHETIC_PROTOTYPE
16,1,0,13,13:00-14:00,12,0,PF11,platform,600,32337,4769,25.51,LOW,CALIBRATED_SYNTHETIC_PROTOTYPE
16,1,0,13,13:00-14:00,7,0,FOB_CENTRAL,bridge,280,32337,6200,36.57,MODERATE,CALIBRATED_SYNTHETIC_PROTOTYPE
16,1,0,13,13:00-14:00,15,0,FOB_SOUTH,bridge,280,32337,5246,27.02,LOW,CALIBRATED_SYNTHETIC_PROTOTYPE
16,1,0,13,13:00-14:00,9,0,EAST_SKYWALK,bridge,280,32337,3911,21.75,LOW,CALIBRATED_SYNTHETIC_PROTOTYPE
16,1,0,13,13:00-14:00,15,0,STAIRS_SOUTH,staircase,150,32337,5818,28.65,LOW,CALIBRATED_SYNTHETIC_PROTOTYPE
16,1,0,14,14:00-15:00,9,0,PF5,platform,600,31476,4874,24.63,LOW,CALIBRATED_SYNTHETIC_PROTOTYPE
16,1,0,14,14:00-15:00,9,0,PF11,platform,600,31476,4642,23.44,LOW,CALIBRATED_SYNTHETIC_PROTOTYPE
16,1,0,14,14:00-15:00,5,0,FOB_CENTRAL,bridge,280,31476,6475,36.51,MODERATE,CALIBRATED_SYNTHETIC_PROTOTYPE
16,1,0,14,14:00-15:00,7,0,FOB_SOUTH,bridge,280,31476,5106,29.4,LOW,CALIBRATED_SYNTHETIC_PROTOTYPE
16,1,0,14,14:00-15:00,7,0,EAST_SKYWALK,bridge,280,31476,3806,19.4,LOW,CALIBRATED_SYNTHETIC_PROTOTYPE
16,1,0,14,14:00-15:00,5,0,STAIRS_SOUTH,staircase,150,31476,6076,34.75,MODERATE,CALIBRATED_SYNTHETIC_PROTOTYPE
16,1,0,15,15:00-16:00,5,0,PF5,platform,600,33205,5517,36.28,MODERATE,CALIBRATED_SYNTHETIC_PROTOTYPE
16,1,0,15,15:00-16:00,12,0,PF11,platform,600,33205,4897,26.18,LOW,CALIBRATED_SYNTHETIC_PROTOTYPE
16,1,0,15,15:00-16:00,4,0,FOB_CENTRAL,bridge,280,33205,6830,39.79,MODERATE,CALIBRATED_SYNTHETIC_PROTOTYPE
16,1,0,15,15:00-16:00,9,0,FOB_SOUTH,bridge,280,33205,5387,33.26,MODERATE,CALIBRATED_SYNTHETIC_PROTOTYPE
16,1,0,15,15:00-16:00,9,0,EAST_SKYWALK,bridge,280,33205,4016,23.61,LOW,CALIBRATED_SYNTHETIC_PROTOTYPE
16,1,0,15,15:00-16:00,7,0,STAIRS_SOUTH,staircase,150,33205,5974,35.63,MODERATE,CALIBRATED_SYNTHETIC_PROTOTYPE
16,1,0,16,16:00-17:00,4,0,PF5,platform,600,36669,6092,43.44,MODERATE,CALIBRATED_SYNTHETIC_PROTOTYPE
16,1,0,16,16:00-17:00,9,0,PF11,platform,600,36669,5408,37.98,MODERATE,CALIBRATED_SYNTHETIC_PROTOTYPE
16,1,0,16,16:00-17:00,7,0,FOB_CENTRAL,bridge,280,36669,7030,47.16,MODERATE,CALIBRATED_SYNTHETIC_PROTOTYPE
16,1,0,16,16:00-17:00,2,0,FOB_SOUTH,bridge,280,36669,6816,49.36,MODERATE,CALIBRATED_SYNTHETIC_PROTOTYPE
16,1,0,16,16:00-17:00,7,0,EAST_SKYWALK,bridge,280,36669,4434,29.64,LOW,CALIBRATED_SYNTHETIC_PROTOTYPE
16,1,0,16,16:00-17:00,7,0,STAIRS_SOUTH,staircase,150,36669,6598,45.78,MODERATE,CALIBRATED_SYNTHETIC_PROTOTYPE
16,1,0,17,17:00-18:00,9,0,PF5,platform,600,44761,6931,53.46,MODERATE,CALIBRATED_SYNTHETIC_PROTOTYPE
16,1,0,17,17:00-18:00,9,0,PF11,platform,600,44761,6601,57.05,MODERATE,CALIBRATED_SYNTHETIC_PROTOTYPE
16,1,0,17,17:00-18:00,12,0,FOB_CENTRAL,bridge,280,44761,8582,71.82,HIGH,CALIBRATED_SYNTHETIC_PROTOTYPE
16,1,0,17,17:00-18:00,2,0,FOB_SOUTH,bridge,280,44761,8320,73.72,HIGH,CALIBRATED_SYNTHETIC_PROTOTYPE
16,1,0,17,17:00-18:00,5,0,EAST_SKYWALK,bridge,280,44761,5808,48.67,MODERATE,CALIBRATED_SYNTHETIC_PROTOTYPE
16,1,0,17,17:00-18:00,7,0,STAIRS_SOUTH,staircase,150,44761,8053,65.1,HIGH,CALIBRATED_SYNTHETIC_PROTOTYPE
16,1,0,18,18:00-19:00,2,0,PF5,platform,600,54869,9736,91.37,VERY HIGH,CALIBRATED_SYNTHETIC_PROTOTYPE
16,1,0,18,18:00-19:00,5,0,PF11,platform,600,54869,8682,79.8,HIGH,CALIBRATED_SYNTHETIC_PROTOTYPE
16,1,0,18,18:00-19:00,4,0,FOB_CENTRAL,bridge,280,54869,11286,98.0,VERY HIGH,CALIBRATED_SYNTHETIC_PROTOTYPE
16,1,0,18,18:00-19:00,2,0,FOB_SOUTH,bridge,280,54869,10199,94.21,VERY HIGH,CALIBRATED_SYNTHETIC_PROTOTYPE
16,1,0,18,18:00-19:00,12,0,EAST_SKYWALK,bridge,280,54869,6635,58.71,MODERATE,CALIBRATED_SYNTHETIC_PROTOTYPE
16,1,0,18,18:00-19:00,5,0,STAIRS_SOUTH,staircase,150,54869,10592,98.0,VERY HIGH,CALIBRATED_SYNTHETIC_PROTOTYPE
16,1,0,19,19:00-20:00,12,0,PF5,platform,600,53423,8273,77.81,HIGH,CALIBRATED_SYNTHETIC_PROTOTYPE
16,1,0,19,19:00-20:00,15,0,PF11,platform,600,53423,7879,76.34,HIGH,CALIBRATED_SYNTHETIC_PROTOTYPE
16,1,0,19,19:00-20:00,4,0,FOB_CENTRAL,bridge,280,53423,10989,98.0,VERY HIGH,CALIBRATED_SYNTHETIC_PROTOTYPE
16,1,0,19,19:00-20:00,12,0,FOB_SOUTH,bridge,280,53423,8667,81.7,VERY HIGH,CALIBRATED_SYNTHETIC_PROTOTYPE
16,1,0,19,19:00-20:00,7,0,EAST_SKYWALK,bridge,280,53423,6460,58.63,MODERATE,CALIBRATED_SYNTHETIC_PROTOTYPE
16,1,0,19,19:00-20:00,9,0,STAIRS_SOUTH,staircase,150,53423,9612,96.25,VERY HIGH,CALIBRATED_SYNTHETIC_PROTOTYPE
16,1,0,20,20:00-21:00,12,0,PF5,platform,600,41289,6394,47.61,MODERATE,CALIBRATED_SYNTHETIC_PROTOTYPE
16,1,0,20,20:00-21:00,2,0,PF11,platform,600,41289,6977,55.44,MODERATE,CALIBRATED_SYNTHETIC_PROTOTYPE
16,1,0,20,20:00-21:00,7,0,FOB_CENTRAL,bridge,280,41289,7916,57.2,MODERATE,CALIBRATED_SYNTHETIC_PROTOTYPE
16,1,0,20,20:00-21:00,4,0,FOB_SOUTH,bridge,280,41289,7186,59.13,MODERATE,CALIBRATED_SYNTHETIC_PROTOTYPE
16,1,0,20,20:00-21:00,4,0,EAST_SKYWALK,bridge,280,41289,5357,38.23,MODERATE,CALIBRATED_SYNTHETIC_PROTOTYPE
16,1,0,20,20:00-21:00,2,0,STAIRS_SOUTH,staircase,150,41289,8512,69.61,HIGH,CALIBRATED_SYNTHETIC_PROTOTYPE
16,1,0,21,21:00-22:00,7,0,PF5,platform,600,29162,4516,18.32,LOW,CALIBRATED_SYNTHETIC_PROTOTYPE
16,1,0,21,21:00-22:00,5,0,PF11,platform,600,29162,4614,27.92,LOW,CALIBRATED_SYNTHETIC_PROTOTYPE
16,1,0,21,21:00-22:00,5,0,FOB_CENTRAL,bridge,280,29162,5999,29.34,LOW,CALIBRATED_SYNTHETIC_PROTOTYPE
16,1,0,21,21:00-22:00,7,0,FOB_SOUTH,bridge,280,29162,4731,27.93,LOW,CALIBRATED_SYNTHETIC_PROTOTYPE
16,1,0,21,21:00-22:00,15,0,EAST_SKYWALK,bridge,280,29162,3527,17.18,LOW,CALIBRATED_SYNTHETIC_PROTOTYPE
16,1,0,21,21:00-22:00,4,0,STAIRS_SOUTH,staircase,150,29162,5629,25.58,LOW,CALIBRATED_SYNTHETIC_PROTOTYPE
17,2,0,8,08:00-09:00,2,0,PF5,platform,600,46473,8195,69.92,HIGH,CALIBRATED_SYNTHETIC_PROTOTYPE
17,2,0,8,08:00-09:00,15,0,PF11,platform,600,46473,6811,55.71,MODERATE,CALIBRATED_SYNTHETIC_PROTOTYPE
17,2,0,8,08:00-09:00,15,0,FOB_CENTRAL,bridge,280,46473,8855,75.29,HIGH,CALIBRATED_SYNTHETIC_PROTOTYPE
17,2,0,8,08:00-09:00,4,0,FOB_SOUTH,bridge,280,46473,8039,64.54,HIGH,CALIBRATED_SYNTHETIC_PROTOTYPE
17,2,0,8,08:00-09:00,4,0,EAST_SKYWALK,bridge,280,46473,5993,52.79,MODERATE,CALIBRATED_SYNTHETIC_PROTOTYPE
17,2,0,8,08:00-09:00,7,0,STAIRS_SOUTH,staircase,150,46473,8310,63.05,HIGH,CALIBRATED_SYNTHETIC_PROTOTYPE
17,2,0,9,09:00-10:00,15,0,PF5,platform,600,52261,8043,72.59,HIGH,CALIBRATED_SYNTHETIC_PROTOTYPE
17,2,0,9,09:00-10:00,5,0,PF11,platform,600,52261,8218,79.56,HIGH,CALIBRATED_SYNTHETIC_PROTOTYPE
17,2,0,9,09:00-10:00,4,0,FOB_CENTRAL,bridge,280,52261,10684,98.0,VERY HIGH,CALIBRATED_SYNTHETIC_PROTOTYPE
17,2,0,9,09:00-10:00,4,0,FOB_SOUTH,bridge,280,52261,9040,82.01,VERY HIGH,CALIBRATED_SYNTHETIC_PROTOTYPE
17,2,0,9,09:00-10:00,5,0,EAST_SKYWALK,bridge,280,52261,6739,64.24,HIGH,CALIBRATED_SYNTHETIC_PROTOTYPE
17,2,0,9,09:00-10:00,5,0,STAIRS_SOUTH,staircase,150,52261,10026,90.89,VERY HIGH,CALIBRATED_SYNTHETIC_PROTOTYPE
17,2,0,10,10:00-11:00,7,0,PF5,platform,600,47359,7288,60.0,MODERATE,CALIBRATED_SYNTHETIC_PROTOTYPE
17,2,0,10,10:00-11:00,4,0,PF11,platform,600,47359,7447,65.24,HIGH,CALIBRATED_SYNTHETIC_PROTOTYPE
17,2,0,10,10:00-11:00,7,0,FOB_CENTRAL,bridge,280,47359,9024,79.95,HIGH,CALIBRATED_SYNTHETIC_PROTOTYPE
17,2,0,10,10:00-11:00,5,0,FOB_SOUTH,bridge,280,47359,8192,76.54,HIGH,CALIBRATED_SYNTHETIC_PROTOTYPE
17,2,0,10,10:00-11:00,7,0,EAST_SKYWALK,bridge,280,47359,5692,45.05,MODERATE,CALIBRATED_SYNTHETIC_PROTOTYPE
17,2,0,10,10:00-11:00,7,0,STAIRS_SOUTH,staircase,150,47359,8468,70.19,HIGH,CALIBRATED_SYNTHETIC_PROTOTYPE
17,2,0,11,11:00-12:00,2,0,PF5,platform,600,38983,6874,52.03,MODERATE,CALIBRATED_SYNTHETIC_PROTOTYPE
17,2,0,11,11:00-12:00,9,0,PF11,platform,600,38983,5714,42.31,MODERATE,CALIBRATED_SYNTHETIC_PROTOTYPE
17,2,0,11,11:00-12:00,7,0,FOB_CENTRAL,bridge,280,38983,7428,56.91,MODERATE,CALIBRATED_SYNTHETIC_PROTOTYPE
17,2,0,11,11:00-12:00,5,0,FOB_SOUTH,bridge,280,38983,6743,45.9,MODERATE,CALIBRATED_SYNTHETIC_PROTOTYPE
17,2,0,11,11:00-12:00,7,0,EAST_SKYWALK,bridge,280,38983,4685,43.02,MODERATE,CALIBRATED_SYNTHETIC_PROTOTYPE
17,2,0,11,11:00-12:00,2,0,STAIRS_SOUTH,staircase,150,38983,7987,59.82,MODERATE,CALIBRATED_SYNTHETIC_PROTOTYPE
17,2,0,12,12:00-13:00,5,0,PF5,platform,600,34360,5673,34.66,MODERATE,CALIBRATED_SYNTHETIC_PROTOTYPE
17,2,0,12,12:00-13:00,12,0,PF11,platform,600,34360,5036,26.65,LOW,CALIBRATED_SYNTHETIC_PROTOTYPE
17,2,0,12,12:00-13:00,4,0,FOB_CENTRAL,bridge,280,34360,7024,41.47,MODERATE,CALIBRATED_SYNTHETIC_PROTOTYPE
17,2,0,12,12:00-13:00,9,0,FOB_SOUTH,bridge,280,34360,5540,30.95,MODERATE,CALIBRATED_SYNTHETIC_PROTOTYPE
17,2,0,12,12:00-13:00,7,0,EAST_SKYWALK,bridge,280,34360,4129,27.13,LOW,CALIBRATED_SYNTHETIC_PROTOTYPE
17,2,0,12,12:00-13:00,5,0,STAIRS_SOUTH,staircase,150,34360,6592,43.13,MODERATE,CALIBRATED_SYNTHETIC_PROTOTYPE
17,2,0,13,13:00-14:00,12,0,PF5,platform,600,32337,4976,28.61,LOW,CALIBRATED_SYNTHETIC_PROTOTYPE
17,2,0,13,13:00-14:00,7,0,PF11,platform,600,32337,4739,30.63,MODERATE,CALIBRATED_SYNTHETIC_PROTOTYPE
17,2,0,13,13:00-14:00,5,0,FOB_CENTRAL,bridge,280,32337,6611,40.28,MODERATE,CALIBRATED_SYNTHETIC_PROTOTYPE
17,2,0,13,13:00-14:00,2,0,FOB_SOUTH,bridge,280,32337,5974,34.38,MODERATE,CALIBRATED_SYNTHETIC_PROTOTYPE
17,2,0,13,13:00-14:00,4,0,EAST_SKYWALK,bridge,280,32337,4170,20.19,LOW,CALIBRATED_SYNTHETIC_PROTOTYPE
17,2,0,13,13:00-14:00,2,0,STAIRS_SOUTH,staircase,150,32337,6625,32.85,MODERATE,CALIBRATED_SYNTHETIC_PROTOTYPE
17,2,0,14,14:00-15:00,5,0,PF5,platform,600,31476,5197,29.34,LOW,CALIBRATED_SYNTHETIC_PROTOTYPE
17,2,0,14,14:00-15:00,4,0,PF11,platform,600,31476,4950,23.92,LOW,CALIBRATED_SYNTHETIC_PROTOTYPE
17,2,0,14,14:00-15:00,15,0,FOB_CENTRAL,bridge,280,31476,5997,33.82,MODERATE,CALIBRATED_SYNTHETIC_PROTOTYPE
17,2,0,14,14:00-15:00,5,0,FOB_SOUTH,bridge,280,31476,5445,24.09,LOW,CALIBRATED_SYNTHETIC_PROTOTYPE
17,2,0,14,14:00-15:00,5,0,EAST_SKYWALK,bridge,280,31476,4059,24.0,LOW,CALIBRATED_SYNTHETIC_PROTOTYPE
17,2,0,14,14:00-15:00,5,0,STAIRS_SOUTH,staircase,150,31476,6039,35.05,MODERATE,CALIBRATED_SYNTHETIC_PROTOTYPE
17,2,0,15,15:00-16:00,4,0,PF5,platform,600,33205,5483,33.83,MODERATE,CALIBRATED_SYNTHETIC_PROTOTYPE
17,2,0,15,15:00-16:00,4,0,PF11,platform,600,33205,5222,34.83,MODERATE,CALIBRATED_SYNTHETIC_PROTOTYPE
17,2,0,15,15:00-16:00,5,0,FOB_CENTRAL,bridge,280,33205,6788,41.0,MODERATE,CALIBRATED_SYNTHETIC_PROTOTYPE
17,2,0,15,15:00-16:00,15,0,FOB_SOUTH,bridge,280,33205,5353,31.16,MODERATE,CALIBRATED_SYNTHETIC_PROTOTYPE
17,2,0,15,15:00-16:00,15,0,EAST_SKYWALK,bridge,280,33205,3991,25.68,LOW,CALIBRATED_SYNTHETIC_PROTOTYPE
17,2,0,15,15:00-16:00,5,0,STAIRS_SOUTH,staircase,150,33205,6370,39.33,MODERATE,CALIBRATED_SYNTHETIC_PROTOTYPE
17,2,0,16,16:00-17:00,12,0,PF5,platform,600,36669,5643,39.28,MODERATE,CALIBRATED_SYNTHETIC_PROTOTYPE
17,2,0,16,16:00-17:00,12,0,PF11,platform,600,36669,5374,39.49,MODERATE,CALIBRATED_SYNTHETIC_PROTOTYPE
17,2,0,16,16:00-17:00,2,0,FOB_CENTRAL,bridge,280,36669,8006,57.52,MODERATE,CALIBRATED_SYNTHETIC_PROTOTYPE
17,2,0,16,16:00-17:00,12,0,FOB_SOUTH,bridge,280,36669,5912,43.35,MODERATE,CALIBRATED_SYNTHETIC_PROTOTYPE
17,2,0,16,16:00-17:00,2,0,EAST_SKYWALK,bridge,280,36669,5050,29.38,LOW,CALIBRATED_SYNTHETIC_PROTOTYPE
17,2,0,16,16:00-17:00,15,0,STAIRS_SOUTH,staircase,150,36669,6557,49.82,MODERATE,CALIBRATED_SYNTHETIC_PROTOTYPE
17,2,0,17,17:00-18:00,7,0,PF5,platform,600,44761,6888,51.98,MODERATE,CALIBRATED_SYNTHETIC_PROTOTYPE
17,2,0,17,17:00-18:00,12,0,PF11,platform,600,44761,6560,52.26,MODERATE,CALIBRATED_SYNTHETIC_PROTOTYPE
17,2,0,17,17:00-18:00,2,0,FOB_CENTRAL,bridge,280,44761,9772,80.2,VERY HIGH,CALIBRATED_SYNTHETIC_PROTOTYPE
17,2,0,17,17:00-18:00,2,0,FOB_SOUTH,bridge,280,44761,8269,67.04,HIGH,CALIBRATED_SYNTHETIC_PROTOTYPE
17,2,0,17,17:00-18:00,12,0,EAST_SKYWALK,bridge,280,44761,5380,41.47,MODERATE,CALIBRATED_SYNTHETIC_PROTOTYPE
17,2,0,17,17:00-18:00,9,0,STAIRS_SOUTH,staircase,150,44761,8004,63.98,HIGH,CALIBRATED_SYNTHETIC_PROTOTYPE
17,2,0,18,18:00-19:00,12,0,PF5,platform,600,54869,8444,81.07,VERY HIGH,CALIBRATED_SYNTHETIC_PROTOTYPE
17,2,0,18,18:00-19:00,4,0,PF11,platform,600,54869,8628,83.13,VERY HIGH,CALIBRATED_SYNTHETIC_PROTOTYPE
17,2,0,18,18:00-19:00,9,0,FOB_CENTRAL,bridge,280,54869,10454,98.0,VERY HIGH,CALIBRATED_SYNTHETIC_PROTOTYPE
17,2,0,18,18:00-19:00,7,0,FOB_SOUTH,bridge,280,54869,8846,85.17,VERY HIGH,CALIBRATED_SYNTHETIC_PROTOTYPE
17,2,0,18,18:00-19:00,12,0,EAST_SKYWALK,bridge,280,54869,6594,62.59,HIGH,CALIBRATED_SYNTHETIC_PROTOTYPE
17,2,0,18,18:00-19:00,5,0,STAIRS_SOUTH,staircase,150,54869,10526,98.0,VERY HIGH,CALIBRATED_SYNTHETIC_PROTOTYPE
17,2,0,19,19:00-20:00,15,0,PF5,platform,600,53423,8221,78.96,HIGH,CALIBRATED_SYNTHETIC_PROTOTYPE
17,2,0,19,19:00-20:00,15,0,PF11,platform,600,53423,7830,74.66,HIGH,CALIBRATED_SYNTHETIC_PROTOTYPE
17,2,0,19,19:00-20:00,12,0,FOB_CENTRAL,bridge,280,53423,10179,92.46,VERY HIGH,CALIBRATED_SYNTHETIC_PROTOTYPE
17,2,0,19,19:00-20:00,7,0,FOB_SOUTH,bridge,280,53423,8613,80.5,VERY HIGH,CALIBRATED_SYNTHETIC_PROTOTYPE
17,2,0,19,19:00-20:00,5,0,EAST_SKYWALK,bridge,280,53423,6889,64.8,HIGH,CALIBRATED_SYNTHETIC_PROTOTYPE
17,2,0,19,19:00-20:00,7,0,STAIRS_SOUTH,staircase,150,53423,9553,95.67,VERY HIGH,CALIBRATED_SYNTHETIC_PROTOTYPE
17,2,0,20,20:00-21:00,9,0,PF5,platform,600,41289,6354,50.57,MODERATE,CALIBRATED_SYNTHETIC_PROTOTYPE
17,2,0,20,20:00-21:00,7,0,PF11,platform,600,41289,6052,50.16,MODERATE,CALIBRATED_SYNTHETIC_PROTOTYPE
17,2,0,20,20:00-21:00,15,0,FOB_CENTRAL,bridge,280,41289,7867,68.05,HIGH,CALIBRATED_SYNTHETIC_PROTOTYPE
17,2,0,20,20:00-21:00,4,0,FOB_SOUTH,bridge,280,41289,7142,54.28,MODERATE,CALIBRATED_SYNTHETIC_PROTOTYPE
17,2,0,20,20:00-21:00,7,0,EAST_SKYWALK,bridge,280,41289,4962,36.1,MODERATE,CALIBRATED_SYNTHETIC_PROTOTYPE
17,2,0,20,20:00-21:00,15,0,STAIRS_SOUTH,staircase,150,41289,7383,56.23,MODERATE,CALIBRATED_SYNTHETIC_PROTOTYPE
17,2,0,21,21:00-22:00,15,0,PF5,platform,600,29162,4488,24.51,LOW,CALIBRATED_SYNTHETIC_PROTOTYPE
17,2,0,21,21:00-22:00,7,0,PF11,platform,600,29162,4274,21.88,LOW,CALIBRATED_SYNTHETIC_PROTOTYPE
17,2,0,21,21:00-22:00,5,0,FOB_CENTRAL,bridge,280,29162,5962,28.9,LOW,CALIBRATED_SYNTHETIC_PROTOTYPE
17,2,0,21,21:00-22:00,9,0,FOB_SOUTH,bridge,280,29162,4702,22.02,LOW,CALIBRATED_SYNTHETIC_PROTOTYPE
17,2,0,21,21:00-22:00,15,0,EAST_SKYWALK,bridge,280,29162,3505,18.34,LOW,CALIBRATED_SYNTHETIC_PROTOTYPE
17,2,0,21,21:00-22:00,2,0,STAIRS_SOUTH,staircase,150,29162,5975,27.1,LOW,CALIBRATED_SYNTHETIC_PROTOTYPE
18,3,0,8,08:00-09:00,5,0,PF5,platform,600,46473,7334,65.35,HIGH,CALIBRATED_SYNTHETIC_PROTOTYPE
18,3,0,8,08:00-09:00,9,0,PF11,platform,600,46473,6510,54.42,MODERATE,CALIBRATED_SYNTHETIC_PROTOTYPE
18,3,0,8,08:00-09:00,7,0,FOB_CENTRAL,bridge,280,46473,8463,71.97,HIGH,CALIBRATED_SYNTHETIC_PROTOTYPE
18,3,0,8,08:00-09:00,7,0,FOB_SOUTH,bridge,280,46473,7161,63.26,HIGH,CALIBRATED_SYNTHETIC_PROTOTYPE
18,3,0,8,08:00-09:00,5,0,EAST_SKYWALK,bridge,280,46473,5728,45.61,MODERATE,CALIBRATED_SYNTHETIC_PROTOTYPE
18,3,0,8,08:00-09:00,2,0,STAIRS_SOUTH,staircase,150,46473,9101,78.27,HIGH,CALIBRATED_SYNTHETIC_PROTOTYPE
18,3,0,9,09:00-10:00,4,0,PF5,platform,600,52261,8248,76.91,HIGH,CALIBRATED_SYNTHETIC_PROTOTYPE
18,3,0,9,09:00-10:00,4,0,PF11,platform,600,52261,7855,69.87,HIGH,CALIBRATED_SYNTHETIC_PROTOTYPE
18,3,0,9,09:00-10:00,5,0,FOB_CENTRAL,bridge,280,52261,10212,91.76,VERY HIGH,CALIBRATED_SYNTHETIC_PROTOTYPE
18,3,0,9,09:00-10:00,12,0,FOB_SOUTH,bridge,280,52261,8053,72.56,HIGH,CALIBRATED_SYNTHETIC_PROTOTYPE
18,3,0,9,09:00-10:00,9,0,EAST_SKYWALK,bridge,280,52261,6003,59.16,MODERATE,CALIBRATED_SYNTHETIC_PROTOTYPE
18,3,0,9,09:00-10:00,2,0,STAIRS_SOUTH,staircase,150,52261,10234,96.1,VERY HIGH,CALIBRATED_SYNTHETIC_PROTOTYPE
18,3,0,10,10:00-11:00,12,0,PF5,platform,600,47359,6966,63.94,HIGH,CALIBRATED_SYNTHETIC_PROTOTYPE
18,3,0,10,10:00-11:00,15,0,PF11,platform,600,47359,6634,65.77,HIGH,CALIBRATED_SYNTHETIC_PROTOTYPE
18,3,0,10,10:00-11:00,9,0,FOB_CENTRAL,bridge,280,47359,8625,72.31,HIGH,CALIBRATED_SYNTHETIC_PROTOTYPE
18,3,0,10,10:00-11:00,15,0,FOB_SOUTH,bridge,280,47359,7298,61.21,HIGH,CALIBRATED_SYNTHETIC_PROTOTYPE
18,3,0,10,10:00-11:00,5,0,EAST_SKYWALK,bridge,280,47359,5837,47.2,MODERATE,CALIBRATED_SYNTHETIC_PROTOTYPE
18,3,0,10,10:00-11:00,5,0,STAIRS_SOUTH,staircase,150,47359,8684,74.14,HIGH,CALIBRATED_SYNTHETIC_PROTOTYPE
18,3,0,11,11:00-12:00,5,0,PF5,platform,600,38983,6152,46.23,MODERATE,CALIBRATED_SYNTHETIC_PROTOTYPE
18,3,0,11,11:00-12:00,4,0,PF11,platform,600,38983,5859,43.23,MODERATE,CALIBRATED_SYNTHETIC_PROTOTYPE
18,3,0,11,11:00-12:00,7,0,FOB_CENTRAL,bridge,280,38983,7099,53.72,MODERATE,CALIBRATED_SYNTHETIC_PROTOTYPE
18,3,0,11,11:00-12:00,9,0,FOB_SOUTH,bridge,280,38983,6007,45.97,MODERATE,CALIBRATED_SYNTHETIC_PROTOTYPE
18,3,0,11,11:00-12:00,2,0,EAST_SKYWALK,bridge,280,38983,5131,44.09,MODERATE,CALIBRATED_SYNTHETIC_PROTOTYPE
18,3,0,11,11:00-12:00,9,0,STAIRS_SOUTH,staircase,150,38983,6663,49.68,MODERATE,CALIBRATED_SYNTHETIC_PROTOTYPE
18,3,0,12,12:00-13:00,7,0,PF5,platform,600,34360,5054,29.19,LOW,CALIBRATED_SYNTHETIC_PROTOTYPE
18,3,0,12,12:00-13:00,2,0,PF11,platform,600,34360,5515,29.91,LOW,CALIBRATED_SYNTHETIC_PROTOTYPE
18,3,0,12,12:00-13:00,5,0,FOB_CENTRAL,bridge,280,34360,6714,42.41,MODERATE,CALIBRATED_SYNTHETIC_PROTOTYPE
18,3,0,12,12:00-13:00,15,0,FOB_SOUTH,bridge,280,34360,5295,32.33,MODERATE,CALIBRATED_SYNTHETIC_PROTOTYPE
18,3,0,12,12:00-13:00,15,0,EAST_SKYWALK,bridge,280,34360,3947,26.79,LOW,CALIBRATED_SYNTHETIC_PROTOTYPE
18,3,0,12,12:00-13:00,5,0,STAIRS_SOUTH,staircase,150,34360,6301,42.32,MODERATE,CALIBRATED_SYNTHETIC_PROTOTYPE
18,3,0,13,13:00-14:00,12,0,PF5,platform,600,32337,4757,24.84,LOW,CALIBRATED_SYNTHETIC_PROTOTYPE
18,3,0,13,13:00-14:00,2,0,PF11,platform,600,32337,5191,30.49,MODERATE,CALIBRATED_SYNTHETIC_PROTOTYPE
18,3,0,13,13:00-14:00,9,0,FOB_CENTRAL,bridge,280,32337,5889,28.9,LOW,CALIBRATED_SYNTHETIC_PROTOTYPE
18,3,0,13,13:00-14:00,5,0,FOB_SOUTH,bridge,280,32337,5346,30.75,MODERATE,CALIBRATED_SYNTHETIC_PROTOTYPE
18,3,0,13,13:00-14:00,5,0,EAST_SKYWALK,bridge,280,32337,3986,22.68,LOW,CALIBRATED_SYNTHETIC_PROTOTYPE
18,3,0,13,13:00-14:00,9,0,STAIRS_SOUTH,staircase,150,32337,5527,29.91,LOW,CALIBRATED_SYNTHETIC_PROTOTYPE
18,3,0,14,14:00-15:00,9,0,PF5,platform,600,31476,4630,25.46,LOW,CALIBRATED_SYNTHETIC_PROTOTYPE
18,3,0,14,14:00-15:00,7,0,PF11,platform,600,31476,4409,25.02,LOW,CALIBRATED_SYNTHETIC_PROTOTYPE
18,3,0,14,14:00-15:00,5,0,FOB_CENTRAL,bridge,280,31476,6150,37.76,MODERATE,CALIBRATED_SYNTHETIC_PROTOTYPE
18,3,0,14,14:00-15:00,9,0,FOB_SOUTH,bridge,280,31476,4850,26.34,LOW,CALIBRATED_SYNTHETIC_PROTOTYPE
18,3,0,14,14:00-15:00,2,0,EAST_SKYWALK,bridge,280,31476,4143,24.57,LOW,CALIBRATED_SYNTHETIC_PROTOTYPE
18,3,0,14,14:00-15:00,15,0,STAIRS_SOUTH,staircase,150,31476,5380,32.03,MODERATE,CALIBRATED_SYNTHETIC_PROTOTYPE
18,3,0,15,15:00-16:00,9,0,PF5,platform,600,33205,4884,32.08,MODERATE,CALIBRATED_SYNTHETIC_PROTOTYPE
18,3,0,15,15:00-16:00,7,0,PF11,platform,600,33205,4652,31.23,MODERATE,CALIBRATED_SYNTHETIC_PROTOTYPE
18,3,0,15,15:00-16:00,12,0,FOB_CENTRAL,bridge,280,33205,6047,42.12,MODERATE,CALIBRATED_SYNTHETIC_PROTOTYPE
18,3,0,15,15:00-16:00,7,0,FOB_SOUTH,bridge,280,33205,5117,28.53,LOW,CALIBRATED_SYNTHETIC_PROTOTYPE
18,3,0,15,15:00-16:00,2,0,EAST_SKYWALK,bridge,280,33205,4371,26.62,LOW,CALIBRATED_SYNTHETIC_PROTOTYPE
18,3,0,15,15:00-16:00,2,0,STAIRS_SOUTH,staircase,150,33205,6503,39.26,MODERATE,CALIBRATED_SYNTHETIC_PROTOTYPE
18,3,0,16,16:00-17:00,2,0,PF5,platform,600,36669,6180,38.14,MODERATE,CALIBRATED_SYNTHETIC_PROTOTYPE
18,3,0,16,16:00-17:00,12,0,PF11,platform,600,36669,5137,35.68,MODERATE,CALIBRATED_SYNTHETIC_PROTOTYPE
18,3,0,16,16:00-17:00,15,0,FOB_CENTRAL,bridge,280,36669,6678,46.28,MODERATE,CALIBRATED_SYNTHETIC_PROTOTYPE
18,3,0,16,16:00-17:00,9,0,FOB_SOUTH,bridge,280,36669,5651,36.56,MODERATE,CALIBRATED_SYNTHETIC_PROTOTYPE
18,3,0,16,16:00-17:00,7,0,EAST_SKYWALK,bridge,280,36669,4212,29.73,LOW,CALIBRATED_SYNTHETIC_PROTOTYPE
18,3,0,16,16:00-17:00,15,0,STAIRS_SOUTH,staircase,150,36669,6267,43.64,MODERATE,CALIBRATED_SYNTHETIC_PROTOTYPE
18,3,0,17,17:00-18:00,9,0,PF5,platform,600,44761,6584,61.16,HIGH,CALIBRATED_SYNTHETIC_PROTOTYPE
18,3,0,17,17:00-18:00,4,0,PF11,platform,600,44761,6728,56.62,MODERATE,CALIBRATED_SYNTHETIC_PROTOTYPE
18,3,0,17,17:00-18:00,7,0,FOB_CENTRAL,bridge,280,44761,8152,64.37,HIGH,CALIBRATED_SYNTHETIC_PROTOTYPE
18,3,0,17,17:00-18:00,5,0,FOB_SOUTH,bridge,280,44761,7401,57.51,MODERATE,CALIBRATED_SYNTHETIC_PROTOTYPE
18,3,0,17,17:00-18:00,9,0,EAST_SKYWALK,bridge,280,44761,5142,39.87,MODERATE,CALIBRATED_SYNTHETIC_PROTOTYPE
18,3,0,17,17:00-18:00,9,0,STAIRS_SOUTH,staircase,150,44761,7650,60.31,HIGH,CALIBRATED_SYNTHETIC_PROTOTYPE
18,3,0,18,18:00-19:00,7,0,PF5,platform,600,54869,8071,76.1,HIGH,CALIBRATED_SYNTHETIC_PROTOTYPE
18,3,0,18,18:00-19:00,15,0,PF11,platform,600,54869,7687,70.03,HIGH,CALIBRATED_SYNTHETIC_PROTOTYPE
18,3,0,18,18:00-19:00,4,0,FOB_CENTRAL,bridge,280,54869,10721,98.0,VERY HIGH,CALIBRATED_SYNTHETIC_PROTOTYPE
18,3,0,18,18:00-19:00,5,0,FOB_SOUTH,bridge,280,54869,9072,83.42,VERY HIGH,CALIBRATED_SYNTHETIC_PROTOTYPE
18,3,0,18,18:00-19:00,9,0,EAST_SKYWALK,bridge,280,54869,6303,62.47,HIGH,CALIBRATED_SYNTHETIC_PROTOTYPE
18,3,0,18,18:00-19:00,9,0,STAIRS_SOUTH,staircase,150,54869,9378,90.21,VERY HIGH,CALIBRATED_SYNTHETIC_PROTOTYPE
18,3,0,19,19:00-20:00,9,0,PF5,platform,600,53423,7858,68.51,HIGH,CALIBRATED_SYNTHETIC_PROTOTYPE
18,3,0,19,19:00-20:00,2,0,PF11,platform,600,53423,8575,77.71,HIGH,CALIBRATED_SYNTHETIC_PROTOTYPE
18,3,0,19,19:00-20:00,15,0,FOB_CENTRAL,bridge,280,53423,9729,94.2,VERY HIGH,CALIBRATED_SYNTHETIC_PROTOTYPE
18,3,0,19,19:00-20:00,2,0,FOB_SOUTH,bridge,280,53423,9433,84.83,VERY HIGH,CALIBRATED_SYNTHETIC_PROTOTYPE
18,3,0,19,19:00-20:00,5,0,EAST_SKYWALK,bridge,280,53423,6584,63.41,HIGH,CALIBRATED_SYNTHETIC_PROTOTYPE
18,3,0,19,19:00-20:00,12,0,STAIRS_SOUTH,staircase,150,53423,9130,77.97,HIGH,CALIBRATED_SYNTHETIC_PROTOTYPE
18,3,0,20,20:00-21:00,15,0,PF5,platform,600,41289,6073,43.57,MODERATE,CALIBRATED_SYNTHETIC_PROTOTYPE
18,3,0,20,20:00-21:00,7,0,PF11,platform,600,41289,5784,45.87,MODERATE,CALIBRATED_SYNTHETIC_PROTOTYPE
18,3,0,20,20:00-21:00,7,0,FOB_CENTRAL,bridge,280,41289,7519,61.6,HIGH,CALIBRATED_SYNTHETIC_PROTOTYPE
18,3,0,20,20:00-21:00,7,0,FOB_SOUTH,bridge,280,41289,6363,51.02,MODERATE,CALIBRATED_SYNTHETIC_PROTOTYPE
18,3,0,20,20:00-21:00,9,0,EAST_SKYWALK,bridge,280,41289,4743,34.45,MODERATE,CALIBRATED_SYNTHETIC_PROTOTYPE
18,3,0,20,20:00-21:00,15,0,STAIRS_SOUTH,staircase,150,41289,7057,55.17,MODERATE,CALIBRATED_SYNTHETIC_PROTOTYPE
18,3,0,21,21:00-22:00,2,0,PF5,platform,600,29162,4915,25.5,LOW,CALIBRATED_SYNTHETIC_PROTOTYPE
18,3,0,21,21:00-22:00,4,0,PF11,platform,600,29162,4383,23.83,LOW,CALIBRATED_SYNTHETIC_PROTOTYPE
18,3,0,21,21:00-22:00,4,0,FOB_CENTRAL,bridge,280,29162,5698,27.26,LOW,CALIBRATED_SYNTHETIC_PROTOTYPE
18,3,0,21,21:00-22:00,4,0,FOB_SOUTH,bridge,280,29162,4821,18.07,LOW,CALIBRATED_SYNTHETIC_PROTOTYPE
18,3,0,21,21:00-22:00,9,0,EAST_SKYWALK,bridge,280,29162,3350,17.65,LOW,CALIBRATED_SYNTHETIC_PROTOTYPE
18,3,0,21,21:00-22:00,15,0,STAIRS_SOUTH,staircase,150,29162,4984,21.13,LOW,CALIBRATED_SYNTHETIC_PROTOTYPE
19,4,0,8,08:00-09:00,12,0,PF5,platform,600,46473,7134,61.21,HIGH,CALIBRATED_SYNTHETIC_PROTOTYPE
19,4,0,8,08:00-09:00,2,0,PF11,platform,600,46473,7785,57.19,MODERATE,CALIBRATED_SYNTHETIC_PROTOTYPE
19,4,0,8,08:00-09:00,5,0,FOB_CENTRAL,bridge,280,46473,9477,86.46,VERY HIGH,CALIBRATED_SYNTHETIC_PROTOTYPE
19,4,0,8,08:00-09:00,4,0,FOB_SOUTH,bridge,280,46473,8019,66.73,HIGH,CALIBRATED_SYNTHETIC_PROTOTYPE
19,4,0,8,08:00-09:00,5,0,EAST_SKYWALK,bridge,280,46473,5978,54.68,MODERATE,CALIBRATED_SYNTHETIC_PROTOTYPE
19,4,0,8,08:00-09:00,7,0,STAIRS_SOUTH,staircase,150,46473,8289,70.72,HIGH,CALIBRATED_SYNTHETIC_PROTOTYPE
19,4,0,9,09:00-10:00,5,0,PF5,platform,600,52261,8608,80.06,VERY HIGH,CALIBRATED_SYNTHETIC_PROTOTYPE
19,4,0,9,09:00-10:00,12,0,PF11,platform,600,52261,7641,71.7,HIGH,CALIBRATED_SYNTHETIC_PROTOTYPE
19,4,0,9,09:00-10:00,2,0,FOB_CENTRAL,bridge,280,52261,11381,98.0,VERY HIGH,CALIBRATED_SYNTHETIC_PROTOTYPE
19,4,0,9,09:00-10:00,9,0,FOB_SOUTH,bridge,280,52261,8405,84.19,VERY HIGH,CALIBRATED_SYNTHETIC_PROTOTYPE
19,4,0,9,09:00-10:00,7,0,EAST_SKYWALK,bridge,280,52261,6265,52.93,MODERATE,CALIBRATED_SYNTHETIC_PROTOTYPE
19,4,0,9,09:00-10:00,7,0,STAIRS_SOUTH,staircase,150,52261,9322,87.14,VERY HIGH,CALIBRATED_SYNTHETIC_PROTOTYPE
19,4,0,10,10:00-11:00,9,0,PF5,platform,600,47359,7270,66.43,HIGH,CALIBRATED_SYNTHETIC_PROTOTYPE
19,4,0,10,10:00-11:00,2,0,PF11,platform,600,47359,7934,67.28,HIGH,CALIBRATED_SYNTHETIC_PROTOTYPE
19,4,0,10,10:00-11:00,2,0,FOB_CENTRAL,bridge,280,47359,10314,91.91,VERY HIGH,CALIBRATED_SYNTHETIC_PROTOTYPE
19,4,0,10,10:00-11:00,12,0,FOB_SOUTH,bridge,280,47359,7616,73.53,HIGH,CALIBRATED_SYNTHETIC_PROTOTYPE
19,4,0,10,10:00-11:00,9,0,EAST_SKYWALK,bridge,280,47359,5678,47.54,MODERATE,CALIBRATED_SYNTHETIC_PROTOTYPE
19,4,0,10,10:00-11:00,12,0,STAIRS_SOUTH,staircase,150,47359,8447,72.08,HIGH,CALIBRATED_SYNTHETIC_PROTOTYPE
19,4,0,11,11:00-12:00,15,0,PF5,platform,600,38983,5984,41.32,MODERATE,CALIBRATED_SYNTHETIC_PROTOTYPE
19,4,0,11,11:00-12:00,2,0,PF11,platform,600,38983,6531,39.72,MODERATE,CALIBRATED_SYNTHETIC_PROTOTYPE
19,4,0,11,11:00-12:00,7,0,FOB_CENTRAL,bridge,280,38983,7409,55.58,MODERATE,CALIBRATED_SYNTHETIC_PROTOTYPE
19,4,0,11,11:00-12:00,7,0,FOB_SOUTH,bridge,280,38983,6269,44.61,MODERATE,CALIBRATED_SYNTHETIC_PROTOTYPE
19,4,0,11,11:00-12:00,15,0,EAST_SKYWALK,bridge,280,38983,4674,34.4,MODERATE,CALIBRATED_SYNTHETIC_PROTOTYPE
19,4,0,11,11:00-12:00,7,0,STAIRS_SOUTH,staircase,150,38983,6953,54.99,MODERATE,CALIBRATED_SYNTHETIC_PROTOTYPE
19,4,0,12,12:00-13:00,5,0,PF5,platform,600,34360,5659,38.53,MODERATE,CALIBRATED_SYNTHETIC_PROTOTYPE
19,4,0,12,12:00-13:00,4,0,PF11,platform,600,34360,5390,35.17,MODERATE,CALIBRATED_SYNTHETIC_PROTOTYPE
19,4,0,12,12:00-13:00,5,0,FOB_CENTRAL,bridge,280,34360,7007,44.81,MODERATE,CALIBRATED_SYNTHETIC_PROTOTYPE
19,4,0,12,12:00-13:00,7,0,FOB_SOUTH,bridge,280,34360,5526,36.69,MODERATE,CALIBRATED_SYNTHETIC_PROTOTYPE
19,4,0,12,12:00-13:00,15,0,EAST_SKYWALK,bridge,280,34360,4119,25.38,LOW,CALIBRATED_SYNTHETIC_PROTOTYPE
19,4,0,12,12:00-13:00,9,0,STAIRS_SOUTH,staircase,150,34360,6129,40.26,MODERATE,CALIBRATED_SYNTHETIC_PROTOTYPE
19,4,0,13,13:00-14:00,2,0,PF5,platform,600,32337,5688,32.48,MODERATE,CALIBRATED_SYNTHETIC_PROTOTYPE
19,4,0,13,13:00-14:00,5,0,PF11,platform,600,32337,5072,30.95,MODERATE,CALIBRATED_SYNTHETIC_PROTOTYPE
19,4,0,13,13:00-14:00,5,0,FOB_CENTRAL,bridge,280,32337,6594,42.02,MODERATE,CALIBRATED_SYNTHETIC_PROTOTYPE
19,4,0,13,13:00-14:00,5,0,FOB_SOUTH,bridge,280,32337,5580,32.69,MODERATE,CALIBRATED_SYNTHETIC_PROTOTYPE
19,4,0,13,13:00-14:00,15,0,EAST_SKYWALK,bridge,280,32337,3877,24.24,LOW,CALIBRATED_SYNTHETIC_PROTOTYPE
19,4,0,13,13:00-14:00,5,0,STAIRS_SOUTH,staircase,150,32337,6188,29.56,LOW,CALIBRATED_SYNTHETIC_PROTOTYPE
19,4,0,14,14:00-15:00,4,0,PF5,platform,600,31476,5184,29.61,LOW,CALIBRATED_SYNTHETIC_PROTOTYPE
19,4,0,14,14:00-15:00,9,0,PF11,platform,600,31476,4602,28.83,LOW,CALIBRATED_SYNTHETIC_PROTOTYPE
19,4,0,14,14:00-15:00,15,0,FOB_CENTRAL,bridge,280,31476,5982,28.92,LOW,CALIBRATED_SYNTHETIC_PROTOTYPE
19,4,0,14,14:00-15:00,12,0,FOB_SOUTH,bridge,280,31476,5062,29.19,LOW,CALIBRATED_SYNTHETIC_PROTOTYPE
19,4,0,14,14:00-15:00,7,0,EAST_SKYWALK,bridge,280,31476,3774,19.7,LOW,CALIBRATED_SYNTHETIC_PROTOTYPE
19,4,0,14,14:00-15:00,2,0,STAIRS_SOUTH,staircase,150,31476,6433,36.36,MODERATE,CALIBRATED_SYNTHETIC_PROTOTYPE
19,4,0,15,15:00-16:00,4,0,PF5,platform,600,33205,5469,35.77,MODERATE,CALIBRATED_SYNTHETIC_PROTOTYPE
19,4,0,15,15:00-16:00,15,0,PF11,platform,600,33205,4855,32.68,MODERATE,CALIBRATED_SYNTHETIC_PROTOTYPE
19,4,0,15,15:00-16:00,2,0,FOB_CENTRAL,bridge,280,33205,7231,48.43,MODERATE,CALIBRATED_SYNTHETIC_PROTOTYPE
19,4,0,15,15:00-16:00,2,0,FOB_SOUTH,bridge,280,33205,6119,36.65,MODERATE,CALIBRATED_SYNTHETIC_PROTOTYPE
19,4,0,15,15:00-16:00,12,0,EAST_SKYWALK,bridge,280,33205,3981,23.65,LOW,CALIBRATED_SYNTHETIC_PROTOTYPE
19,4,0,15,15:00-16:00,5,0,STAIRS_SOUTH,staircase,150,33205,6355,41.09,MODERATE,CALIBRATED_SYNTHETIC_PROTOTYPE
19,4,0,16,16:00-17:00,4,0,PF5,platform,600,36669,6040,41.09,MODERATE,CALIBRATED_SYNTHETIC_PROTOTYPE
19,4,0,16,16:00-17:00,15,0,PF11,platform,600,36669,5361,34.87,MODERATE,CALIBRATED_SYNTHETIC_PROTOTYPE
19,4,0,16,16:00-17:00,7,0,FOB_CENTRAL,bridge,280,36669,6969,50.28,MODERATE,CALIBRATED_SYNTHETIC_PROTOTYPE
19,4,0,16,16:00-17:00,2,0,FOB_SOUTH,bridge,280,36669,6757,48.52,MODERATE,CALIBRATED_SYNTHETIC_PROTOTYPE
19,4,0,16,16:00-17:00,4,0,EAST_SKYWALK,bridge,280,36669,4717,32.39,MODERATE,CALIBRATED_SYNTHETIC_PROTOTYPE
19,4,0,16,16:00-17:00,12,0,STAIRS_SOUTH,staircase,150,36669,6541,45.67,MODERATE,CALIBRATED_SYNTHETIC_PROTOTYPE
19,4,0,17,17:00-18:00,5,0,PF5,platform,600,44761,7372,54.58,MODERATE,CALIBRATED_SYNTHETIC_PROTOTYPE
19,4,0,17,17:00-18:00,12,0,PF11,platform,600,44761,6544,54.72,MODERATE,CALIBRATED_SYNTHETIC_PROTOTYPE
19,4,0,17,17:00-18:00,12,0,FOB_CENTRAL,bridge,280,44761,8507,74.18,HIGH,CALIBRATED_SYNTHETIC_PROTOTYPE
19,4,0,17,17:00-18:00,5,0,FOB_SOUTH,bridge,280,44761,7724,68.76,HIGH,CALIBRATED_SYNTHETIC_PROTOTYPE
19,4,0,17,17:00-18:00,7,0,EAST_SKYWALK,bridge,280,44761,5366,41.51,MODERATE,CALIBRATED_SYNTHETIC_PROTOTYPE
19,4,0,17,17:00-18:00,9,0,STAIRS_SOUTH,staircase,150,44761,7984,65.15,HIGH,CALIBRATED_SYNTHETIC_PROTOTYPE
19,4,0,18,18:00-19:00,4,0,PF5,platform,600,54869,9037,93.11,VERY HIGH,CALIBRATED_SYNTHETIC_PROTOTYPE
19,4,0,18,18:00-19:00,7,0,PF11,platform,600,54869,8022,80.35,VERY HIGH,CALIBRATED_SYNTHETIC_PROTOTYPE
19,4,0,18,18:00-19:00,5,0,FOB_CENTRAL,bridge,280,54869,11189,98.0,VERY HIGH,CALIBRATED_SYNTHETIC_PROTOTYPE
19,4,0,18,18:00-19:00,4,0,FOB_SOUTH,bridge,280,54869,9468,86.94,VERY HIGH,CALIBRATED_SYNTHETIC_PROTOTYPE
19,4,0,18,18:00-19:00,12,0,EAST_SKYWALK,bridge,280,54869,6578,58.94,MODERATE,CALIBRATED_SYNTHETIC_PROTOTYPE
19,4,0,18,18:00-19:00,15,0,STAIRS_SOUTH,staircase,150,54869,9787,91.89,VERY HIGH,CALIBRATED_SYNTHETIC_PROTOTYPE
19,4,0,19,19:00-20:00,12,0,PF5,platform,600,53423,8201,81.23,VERY HIGH,CALIBRATED_SYNTHETIC_PROTOTYPE
19,4,0,19,19:00-20:00,12,0,PF11,platform,600,53423,7811,71.75,HIGH,CALIBRATED_SYNTHETIC_PROTOTYPE
19,4,0,19,19:00-20:00,15,0,FOB_CENTRAL,bridge,280,53423,10154,96.17,VERY HIGH,CALIBRATED_SYNTHETIC_PROTOTYPE
19,4,0,19,19:00-20:00,12,0,FOB_SOUTH,bridge,280,53423,8592,78.0,HIGH,CALIBRATED_SYNTHETIC_PROTOTYPE
19,4,0,19,19:00-20:00,12,0,EAST_SKYWALK,bridge,280,53423,6405,59.45,MODERATE,CALIBRATED_SYNTHETIC_PROTOTYPE
19,4,0,19,19:00-20:00,9,0,STAIRS_SOUTH,staircase,150,53423,9529,88.01,VERY HIGH,CALIBRATED_SYNTHETIC_PROTOTYPE
19,4,0,20,20:00-21:00,15,0,PF5,platform,600,41289,6338,44.58,MODERATE,CALIBRATED_SYNTHETIC_PROTOTYPE
19,4,0,20,20:00-21:00,12,0,PF11,platform,600,41289,6037,45.29,MODERATE,CALIBRATED_SYNTHETIC_PROTOTYPE
19,4,0,20,20:00-21:00,15,0,FOB_CENTRAL,bridge,280,41289,7848,59.05,MODERATE,CALIBRATED_SYNTHETIC_PROTOTYPE
19,4,0,20,20:00-21:00,9,0,FOB_SOUTH,bridge,280,41289,6640,46.69,MODERATE,CALIBRATED_SYNTHETIC_PROTOTYPE
19,4,0,20,20:00-21:00,4,0,EAST_SKYWALK,bridge,280,41289,5311,44.58,MODERATE,CALIBRATED_SYNTHETIC_PROTOTYPE
19,4,0,20,20:00-21:00,9,0,STAIRS_SOUTH,staircase,150,41289,7365,57.01,MODERATE,CALIBRATED_SYNTHETIC_PROTOTYPE
19,4,0,21,21:00-22:00,5,0,PF5,platform,600,29162,4803,25.63,LOW,CALIBRATED_SYNTHETIC_PROTOTYPE
19,4,0,21,21:00-22:00,15,0,PF11,platform,600,29162,4264,15.9,LOW,CALIBRATED_SYNTHETIC_PROTOTYPE
19,4,0,21,21:00-22:00,9,0,FOB_CENTRAL,bridge,280,29162,5543,24.47,LOW,CALIBRATED_SYNTHETIC_PROTOTYPE
19,4,0,21,21:00-22:00,7,0,FOB_SOUTH,bridge,280,29162,4690,19.48,LOW,CALIBRATED_SYNTHETIC_PROTOTYPE
19,4,0,21,21:00-22:00,2,0,EAST_SKYWALK,bridge,280,29162,4006,19.06,LOW,CALIBRATED_SYNTHETIC_PROTOTYPE
19,4,0,21,21:00-22:00,2,0,STAIRS_SOUTH,staircase,150,29162,5960,27.25,LOW,CALIBRATED_SYNTHETIC_PROTOTYPE
20,5,1,8,08:00-09:00,5,0,PF5,platform,600,46473,5633,50.97,MODERATE,CALIBRATED_SYNTHETIC_PROTOTYPE
20,5,1,8,08:00-09:00,9,0,PF11,platform,600,46473,5000,43.48,MODERATE,CALIBRATED_SYNTHETIC_PROTOTYPE
20,5,1,8,08:00-09:00,4,0,FOB_CENTRAL,bridge,280,46473,6974,56.87,MODERATE,CALIBRATED_SYNTHETIC_PROTOTYPE
20,5,1,8,08:00-09:00,12,0,FOB_SOUTH,bridge,280,46473,5500,41.95,MODERATE,CALIBRATED_SYNTHETIC_PROTOTYPE
20,5,1,8,08:00-09:00,2,0,EAST_SKYWALK,bridge,280,46473,4698,38.99,MODERATE,CALIBRATED_SYNTHETIC_PROTOTYPE
20,5,1,8,08:00-09:00,4,0,STAIRS_SOUTH,staircase,150,46473,6545,48.69,MODERATE,CALIBRATED_SYNTHETIC_PROTOTYPE
20,5,1,9,09:00-10:00,7,0,PF5,platform,600,52261,5904,51.64,MODERATE,CALIBRATED_SYNTHETIC_PROTOTYPE
20,5,1,9,09:00-10:00,9,0,PF11,platform,600,52261,5623,56.48,MODERATE,CALIBRATED_SYNTHETIC_PROTOTYPE
20,5,1,9,09:00-10:00,4,0,FOB_CENTRAL,bridge,280,52261,7843,67.86,HIGH,CALIBRATED_SYNTHETIC_PROTOTYPE
20,5,1,9,09:00-10:00,4,0,FOB_SOUTH,bridge,280,52261,6636,64.41,HIGH,CALIBRATED_SYNTHETIC_PROTOTYPE
20,5,1,9,09:00-10:00,5,0,EAST_SKYWALK,bridge,280,52261,4947,43.3,MODERATE,CALIBRATED_SYNTHETIC_PROTOTYPE
20,5,1,9,09:00-10:00,9,0,STAIRS_SOUTH,staircase,150,52261,6860,61.24,HIGH,CALIBRATED_SYNTHETIC_PROTOTYPE
20,5,1,10,10:00-11:00,12,0,PF5,platform,600,47359,5350,39.25,MODERATE,CALIBRATED_SYNTHETIC_PROTOTYPE
20,5,1,10,10:00-11:00,7,0,PF11,platform,600,47359,5095,38.45,MODERATE,CALIBRATED_SYNTHETIC_PROTOTYPE
20,5,1,10,10:00-11:00,5,0,FOB_CENTRAL,bridge,280,47359,7107,66.06,HIGH,CALIBRATED_SYNTHETIC_PROTOTYPE
20,5,1,10,10:00-11:00,7,0,FOB_SOUTH,bridge,280,47359,5605,47.13,MODERATE,CALIBRATED_SYNTHETIC_PROTOTYPE
20,5,1,10,10:00-11:00,12,0,EAST_SKYWALK,bridge,280,47359,4178,39.51,MODERATE,CALIBRATED_SYNTHETIC_PROTOTYPE
20,5,1,10,10:00-11:00,4,0,STAIRS_SOUTH,staircase,150,47359,6670,63.95,HIGH,CALIBRATED_SYNTHETIC_PROTOTYPE
20,5,1,11,11:00-12:00,15,0,PF5,platform,600,38983,4404,32.33,MODERATE,CALIBRATED_SYNTHETIC_PROTOTYPE
20,5,1,11,11:00-12:00,15,0,PF11,platform,600,38983,4194,36.3,MODERATE,CALIBRATED_SYNTHETIC_PROTOTYPE
20,5,1,11,11:00-12:00,15,0,FOB_CENTRAL,bridge,280,38983,5452,43.17,MODERATE,CALIBRATED_SYNTHETIC_PROTOTYPE
20,5,1,11,11:00-12:00,2,0,FOB_SOUTH,bridge,280,38983,5286,35.81,MODERATE,CALIBRATED_SYNTHETIC_PROTOTYPE
20,5,1,11,11:00-12:00,12,0,EAST_SKYWALK,bridge,280,38983,3439,24.56,LOW,CALIBRATED_SYNTHETIC_PROTOTYPE
20,5,1,11,11:00-12:00,5,0,STAIRS_SOUTH,staircase,150,38983,5490,37.49,MODERATE,CALIBRATED_SYNTHETIC_PROTOTYPE
20,5,1,12,12:00-13:00,9,0,PF5,platform,600,34360,3882,19.7,LOW,CALIBRATED_SYNTHETIC_PROTOTYPE
20,5,1,12,12:00-13:00,2,0,PF11,platform,600,34360,4236,24.04,LOW,CALIBRATED_SYNTHETIC_PROTOTYPE
20,5,1,12,12:00-13:00,4,0,FOB_CENTRAL,bridge,280,34360,5156,35.84,MODERATE,CALIBRATED_SYNTHETIC_PROTOTYPE
20,5,1,12,12:00-13:00,5,0,FOB_SOUTH,bridge,280,34360,4363,27.41,LOW,CALIBRATED_SYNTHETIC_PROTOTYPE
20,5,1,12,12:00-13:00,15,0,EAST_SKYWALK,bridge,280,34360,3031,21.03,LOW,CALIBRATED_SYNTHETIC_PROTOTYPE
20,5,1,12,12:00-13:00,15,0,STAIRS_SOUTH,staircase,150,34360,4510,25.82,LOW,CALIBRATED_SYNTHETIC_PROTOTYPE
20,5,1,13,13:00-14:00,9,0,PF5,platform,600,32337,3653,23.84,LOW,CALIBRATED_SYNTHETIC_PROTOTYPE
20,5,1,13,13:00-14:00,4,0,PF11,platform,600,32337,3733,29.66,LOW,CALIBRATED_SYNTHETIC_PROTOTYPE
20,5,1,13,13:00-14:00,4,0,FOB_CENTRAL,bridge,280,32337,4853,27.03,LOW,CALIBRATED_SYNTHETIC_PROTOTYPE
20,5,1,13,13:00-14:00,2,0,FOB_SOUTH,bridge,280,32337,4385,27.97,LOW,CALIBRATED_SYNTHETIC_PROTOTYPE
20,5,1,13,13:00-14:00,7,0,EAST_SKYWALK,bridge,280,32337,2853,15.09,LOW,CALIBRATED_SYNTHETIC_PROTOTYPE
20,5,1,13,13:00-14:00,12,0,STAIRS_SOUTH,staircase,150,32337,4245,23.63,LOW,CALIBRATED_SYNTHETIC_PROTOTYPE
20,5,1,14,14:00-15:00,9,0,PF5,platform,600,31476,3556,17.48,LOW,CALIBRATED_SYNTHETIC_PROTOTYPE
20,5,1,14,14:00-15:00,15,0,PF11,platform,600,31476,3387,17.78,LOW,CALIBRATED_SYNTHETIC_PROTOTYPE
20,5,1,14,14:00-15:00,12,0,FOB_CENTRAL,bridge,280,31476,4402,27.7,LOW,CALIBRATED_SYNTHETIC_PROTOTYPE
20,5,1,14,14:00-15:00,9,0,FOB_SOUTH,bridge,280,31476,3725,19.09,LOW,CALIBRATED_SYNTHETIC_PROTOTYPE
20,5,1,14,14:00-15:00,15,0,EAST_SKYWALK,bridge,280,31476,2777,9.84,LOW,CALIBRATED_SYNTHETIC_PROTOTYPE
20,5,1,14,14:00-15:00,2,0,STAIRS_SOUTH,staircase,150,31476,4734,22.79,LOW,CALIBRATED_SYNTHETIC_PROTOTYPE
20,5,1,15,15:00-16:00,5,0,PF5,platform,600,33205,4025,24.02,LOW,CALIBRATED_SYNTHETIC_PROTOTYPE
20,5,1,15,15:00-16:00,12,0,PF11,platform,600,33205,3573,18.16,LOW,CALIBRATED_SYNTHETIC_PROTOTYPE
20,5,1,15,15:00-16:00,15,0,FOB_CENTRAL,bridge,280,33205,4644,25.93,LOW,CALIBRATED_SYNTHETIC_PROTOTYPE
20,5,1,15,15:00-16:00,7,0,FOB_SOUTH,bridge,280,33205,3930,22.58,LOW,CALIBRATED_SYNTHETIC_PROTOTYPE
20,5,1,15,15:00-16:00,5,0,EAST_SKYWALK,bridge,280,33205,3143,21.1,LOW,CALIBRATED_SYNTHETIC_PROTOTYPE
20,5,1,15,15:00-16:00,7,0,STAIRS_SOUTH,staircase,150,33205,4359,26.56,LOW,CALIBRATED_SYNTHETIC_PROTOTYPE
20,5,1,16,16:00-17:00,5,0,PF5,platform,600,36669,4445,29.33,LOW,CALIBRATED_SYNTHETIC_PROTOTYPE
20,5,1,16,16:00-17:00,15,0,PF11,platform,600,36669,3945,28.17,LOW,CALIBRATED_SYNTHETIC_PROTOTYPE
20,5,1,16,16:00-17:00,2,0,FOB_CENTRAL,bridge,280,36669,5877,37.78,MODERATE,CALIBRATED_SYNTHETIC_PROTOTYPE
20,5,1,16,16:00-17:00,15,0,FOB_SOUTH,bridge,280,36669,4340,30.02,MODERATE,CALIBRATED_SYNTHETIC_PROTOTYPE
20,5,1,16,16:00-17:00,7,0,EAST_SKYWALK,bridge,280,36669,3235,22.93,LOW,CALIBRATED_SYNTHETIC_PROTOTYPE
20,5,1,16,16:00-17:00,9,0,STAIRS_SOUTH,staircase,150,36669,4813,35.46,MODERATE,CALIBRATED_SYNTHETIC_PROTOTYPE
20,5,1,17,17:00-18:00,7,0,PF5,platform,600,44761,5057,47.38,MODERATE,CALIBRATED_SYNTHETIC_PROTOTYPE
20,5,1,17,17:00-18:00,2,0,PF11,platform,600,44761,5518,43.12,MODERATE,CALIBRATED_SYNTHETIC_PROTOTYPE
20,5,1,17,17:00-18:00,4,0,FOB_CENTRAL,bridge,280,44761,6717,55.6,MODERATE,CALIBRATED_SYNTHETIC_PROTOTYPE
20,5,1,17,17:00-18:00,12,0,FOB_SOUTH,bridge,280,44761,5297,43.63,MODERATE,CALIBRATED_SYNTHETIC_PROTOTYPE
20,5,1,17,17:00-18:00,12,0,EAST_SKYWALK,bridge,280,44761,3949,33.07,MODERATE,CALIBRATED_SYNTHETIC_PROTOTYPE
20,5,1,17,17:00-18:00,7,0,STAIRS_SOUTH,staircase,150,44761,5875,51.27,MODERATE,CALIBRATED_SYNTHETIC_PROTOTYPE
20,5,1,18,18:00-19:00,7,0,PF5,platform,600,54869,6199,58.65,MODERATE,CALIBRATED_SYNTHETIC_PROTOTYPE
20,5,1,18,18:00-19:00,5,0,PF11,platform,600,54869,6334,62.38,HIGH,CALIBRATED_SYNTHETIC_PROTOTYPE
20,5,1,18,18:00-19:00,7,0,FOB_CENTRAL,bridge,280,54869,7674,74.92,HIGH,CALIBRATED_SYNTHETIC_PROTOTYPE
20,5,1,18,18:00-19:00,4,0,FOB_SOUTH,bridge,280,54869,6967,63.64,HIGH,CALIBRATED_SYNTHETIC_PROTOTYPE
20,5,1,18,18:00-19:00,7,0,EAST_SKYWALK,bridge,280,54869,4841,52.44,MODERATE,CALIBRATED_SYNTHETIC_PROTOTYPE
20,5,1,18,18:00-19:00,7,0,STAIRS_SOUTH,staircase,150,54869,7202,67.78,HIGH,CALIBRATED_SYNTHETIC_PROTOTYPE
20,5,1,19,19:00-20:00,12,0,PF5,platform,600,53423,6035,54.62,MODERATE,CALIBRATED_SYNTHETIC_PROTOTYPE
20,5,1,19,19:00-20:00,15,0,PF11,platform,600,53423,5748,57.28,MODERATE,CALIBRATED_SYNTHETIC_PROTOTYPE
20,5,1,19,19:00-20:00,15,0,FOB_CENTRAL,bridge,280,53423,7472,70.4,HIGH,CALIBRATED_SYNTHETIC_PROTOTYPE
20,5,1,19,19:00-20:00,2,0,FOB_SOUTH,bridge,280,53423,7245,70.56,HIGH,CALIBRATED_SYNTHETIC_PROTOTYPE
20,5,1,19,19:00-20:00,15,0,EAST_SKYWALK,bridge,280,53423,4713,47.59,MODERATE,CALIBRATED_SYNTHETIC_PROTOTYPE
20,5,1,19,19:00-20:00,2,0,STAIRS_SOUTH,staircase,150,53423,8035,77.66,HIGH,CALIBRATED_SYNTHETIC_PROTOTYPE
20,5,1,20,20:00-21:00,2,0,PF5,platform,600,41289,5345,42.54,MODERATE,CALIBRATED_SYNTHETIC_PROTOTYPE
20,5,1,20,20:00-21:00,12,0,PF11,platform,600,41289,4442,37.18,MODERATE,CALIBRATED_SYNTHETIC_PROTOTYPE
20,5,1,20,20:00-21:00,5,0,FOB_CENTRAL,bridge,280,41289,6196,46.27,MODERATE,CALIBRATED_SYNTHETIC_PROTOTYPE
20,5,1,20,20:00-21:00,5,0,FOB_SOUTH,bridge,280,41289,5243,45.8,MODERATE,CALIBRATED_SYNTHETIC_PROTOTYPE
20,5,1,20,20:00-21:00,7,0,EAST_SKYWALK,bridge,280,41289,3643,30.68,MODERATE,CALIBRATED_SYNTHETIC_PROTOTYPE
20,5,1,20,20:00-21:00,9,0,STAIRS_SOUTH,staircase,150,41289,5420,42.42,MODERATE,CALIBRATED_SYNTHETIC_PROTOTYPE
20,5,1,21,21:00-22:00,9,0,PF5,platform,600,29162,3294,16.16,LOW,CALIBRATED_SYNTHETIC_PROTOTYPE
20,5,1,21,21:00-22:00,7,0,PF11,platform,600,29162,3138,19.67,LOW,CALIBRATED_SYNTHETIC_PROTOTYPE
20,5,1,21,21:00-22:00,5,0,FOB_CENTRAL,bridge,280,29162,4376,16.29,LOW,CALIBRATED_SYNTHETIC_PROTOTYPE
20,5,1,21,21:00-22:00,7,0,FOB_SOUTH,bridge,280,29162,3451,16.25,LOW,CALIBRATED_SYNTHETIC_PROTOTYPE
20,5,1,21,21:00-22:00,12,0,EAST_SKYWALK,bridge,280,29162,2573,11.96,LOW,CALIBRATED_SYNTHETIC_PROTOTYPE
20,5,1,21,21:00-22:00,15,0,STAIRS_SOUTH,staircase,150,29162,3828,13.34,LOW,CALIBRATED_SYNTHETIC_PROTOTYPE
21,6,1,8,08:00-09:00,12,0,PF5,platform,600,46473,4933,41.85,MODERATE,CALIBRATED_SYNTHETIC_PROTOTYPE
21,6,1,8,08:00-09:00,4,0,PF11,platform,600,46473,5041,41.87,MODERATE,CALIBRATED_SYNTHETIC_PROTOTYPE
21,6,1,8,08:00-09:00,15,0,FOB_CENTRAL,bridge,280,46473,6108,50.45,MODERATE,CALIBRATED_SYNTHETIC_PROTOTYPE
21,6,1,8,08:00-09:00,5,0,FOB_SOUTH,bridge,280,46473,5545,50.72,MODERATE,CALIBRATED_SYNTHETIC_PROTOTYPE
21,6,1,8,08:00-09:00,2,0,EAST_SKYWALK,bridge,280,46473,4414,38.37,MODERATE,CALIBRATED_SYNTHETIC_PROTOTYPE
21,6,1,8,08:00-09:00,5,0,STAIRS_SOUTH,staircase,150,46473,6150,52.87,MODERATE,CALIBRATED_SYNTHETIC_PROTOTYPE
21,6,1,9,09:00-10:00,12,0,PF5,platform,600,52261,5547,54.2,MODERATE,CALIBRATED_SYNTHETIC_PROTOTYPE
21,6,1,9,09:00-10:00,9,0,PF11,platform,600,52261,5283,46.03,MODERATE,CALIBRATED_SYNTHETIC_PROTOTYPE
21,6,1,9,09:00-10:00,7,0,FOB_CENTRAL,bridge,280,52261,6868,65.06,HIGH,CALIBRATED_SYNTHETIC_PROTOTYPE
21,6,1,9,09:00-10:00,2,0,FOB_SOUTH,bridge,280,52261,6659,63.18,HIGH,CALIBRATED_SYNTHETIC_PROTOTYPE
21,6,1,9,09:00-10:00,7,0,EAST_SKYWALK,bridge,280,52261,4332,41.1,MODERATE,CALIBRATED_SYNTHETIC_PROTOTYPE
21,6,1,9,09:00-10:00,15,0,STAIRS_SOUTH,staircase,150,52261,6446,58.36,MODERATE,CALIBRATED_SYNTHETIC_PROTOTYPE
21,6,1,10,10:00-11:00,7,0,PF5,platform,600,47359,5027,43.3,MODERATE,CALIBRATED_SYNTHETIC_PROTOTYPE
21,6,1,10,10:00-11:00,7,0,PF11,platform,600,47359,4788,39.91,MODERATE,CALIBRATED_SYNTHETIC_PROTOTYPE
21,6,1,10,10:00-11:00,2,0,FOB_CENTRAL,bridge,280,47359,7132,67.69,HIGH,CALIBRATED_SYNTHETIC_PROTOTYPE
21,6,1,10,10:00-11:00,4,0,FOB_SOUTH,bridge,280,47359,5650,43.62,MODERATE,CALIBRATED_SYNTHETIC_PROTOTYPE
21,6,1,10,10:00-11:00,12,0,EAST_SKYWALK,bridge,280,47359,3926,28.89,LOW,CALIBRATED_SYNTHETIC_PROTOTYPE
21,6,1,10,10:00-11:00,9,0,STAIRS_SOUTH,staircase,150,47359,5841,50.15,MODERATE,CALIBRATED_SYNTHETIC_PROTOTYPE
21,6,1,11,11:00-12:00,15,0,PF5,platform,600,38983,4138,24.17,LOW,CALIBRATED_SYNTHETIC_PROTOTYPE
21,6,1,11,11:00-12:00,12,0,PF11,platform,600,38983,3941,30.14,MODERATE,CALIBRATED_SYNTHETIC_PROTOTYPE
21,6,1,11,11:00-12:00,2,0,FOB_CENTRAL,bridge,280,38983,5870,36.86,MODERATE,CALIBRATED_SYNTHETIC_PROTOTYPE
21,6,1,11,11:00-12:00,4,0,FOB_SOUTH,bridge,280,38983,4651,36.71,MODERATE,CALIBRATED_SYNTHETIC_PROTOTYPE
21,6,1,11,11:00-12:00,5,0,EAST_SKYWALK,bridge,280,38983,3467,29.96,LOW,CALIBRATED_SYNTHETIC_PROTOTYPE
21,6,1,11,11:00-12:00,15,0,STAIRS_SOUTH,staircase,150,38983,4808,36.42,MODERATE,CALIBRATED_SYNTHETIC_PROTOTYPE
21,6,1,12,12:00-13:00,5,0,PF5,platform,600,34360,3913,28.91,LOW,CALIBRATED_SYNTHETIC_PROTOTYPE
21,6,1,12,12:00-13:00,15,0,PF11,platform,600,34360,3474,27.18,LOW,CALIBRATED_SYNTHETIC_PROTOTYPE
21,6,1,12,12:00-13:00,9,0,FOB_CENTRAL,bridge,280,34360,4516,25.94,LOW,CALIBRATED_SYNTHETIC_PROTOTYPE
21,6,1,12,12:00-13:00,15,0,FOB_SOUTH,bridge,280,34360,3821,24.95,LOW,CALIBRATED_SYNTHETIC_PROTOTYPE
21,6,1,12,12:00-13:00,9,0,EAST_SKYWALK,bridge,280,34360,2848,12.72,LOW,CALIBRATED_SYNTHETIC_PROTOTYPE
21,6,1,12,12:00-13:00,7,0,STAIRS_SOUTH,staircase,150,34360,4238,28.4,LOW,CALIBRATED_SYNTHETIC_PROTOTYPE
21,6,1,13,13:00-14:00,9,0,PF5,platform,600,32337,3432,22.01,LOW,CALIBRATED_SYNTHETIC_PROTOTYPE
21,6,1,13,13:00-14:00,4,0,PF11,platform,600,32337,3507,24.95,LOW,CALIBRATED_SYNTHETIC_PROTOTYPE
21,6,1,13,13:00-14:00,12,0,FOB_CENTRAL,bridge,280,32337,4250,24.65,LOW,CALIBRATED_SYNTHETIC_PROTOTYPE
21,6,1,13,13:00-14:00,15,0,FOB_SOUTH,bridge,280,32337,3596,22.19,LOW,CALIBRATED_SYNTHETIC_PROTOTYPE
21,6,1,13,13:00-14:00,4,0,EAST_SKYWALK,bridge,280,32337,2876,13.94,LOW,CALIBRATED_SYNTHETIC_PROTOTYPE
21,6,1,13,13:00-14:00,7,0,STAIRS_SOUTH,staircase,150,32337,3988,27.14,LOW,CALIBRATED_SYNTHETIC_PROTOTYPE
21,6,1,14,14:00-15:00,4,0,PF5,platform,600,31476,3585,17.15,LOW,CALIBRATED_SYNTHETIC_PROTOTYPE
21,6,1,14,14:00-15:00,12,0,PF11,platform,600,31476,3182,20.76,LOW,CALIBRATED_SYNTHETIC_PROTOTYPE
21,6,1,14,14:00-15:00,12,0,FOB_CENTRAL,bridge,280,31476,4137,24.24,LOW,CALIBRATED_SYNTHETIC_PROTOTYPE
21,6,1,14,14:00-15:00,12,0,FOB_SOUTH,bridge,280,31476,3500,21.03,LOW,CALIBRATED_SYNTHETIC_PROTOTYPE
21,6,1,14,14:00-15:00,4,0,EAST_SKYWALK,bridge,280,31476,2799,15.96,LOW,CALIBRATED_SYNTHETIC_PROTOTYPE
21,6,1,14,14:00-15:00,5,0,STAIRS_SOUTH,staircase,150,31476,4165,27.61,LOW,CALIBRATED_SYNTHETIC_PROTOTYPE
21,6,1,15,15:00-16:00,15,0,PF5,platform,600,33205,3525,23.31,LOW,CALIBRATED_SYNTHETIC_PROTOTYPE
21,6,1,15,15:00-16:00,12,0,PF11,platform,600,33205,3357,17.92,LOW,CALIBRATED_SYNTHETIC_PROTOTYPE
21,6,1,15,15:00-16:00,2,0,FOB_CENTRAL,bridge,280,33205,5000,31.82,MODERATE,CALIBRATED_SYNTHETIC_PROTOTYPE
21,6,1,15,15:00-16:00,15,0,FOB_SOUTH,bridge,280,33205,3692,24.6,LOW,CALIBRATED_SYNTHETIC_PROTOTYPE
21,6,1,15,15:00-16:00,5,0,EAST_SKYWALK,bridge,280,33205,2953,15.5,LOW,CALIBRATED_SYNTHETIC_PROTOTYPE
21,6,1,15,15:00-16:00,12,0,STAIRS_SOUTH,staircase,150,33205,4095,28.62,LOW,CALIBRATED_SYNTHETIC_PROTOTYPE
21,6,1,16,16:00-17:00,4,0,PF5,platform,600,36669,4176,23.04,LOW,CALIBRATED_SYNTHETIC_PROTOTYPE
21,6,1,16,16:00-17:00,5,0,PF11,platform,600,36669,3977,30.52,MODERATE,CALIBRATED_SYNTHETIC_PROTOTYPE
21,6,1,16,16:00-17:00,12,0,FOB_CENTRAL,bridge,280,36669,4819,37.44,MODERATE,CALIBRATED_SYNTHETIC_PROTOTYPE
21,6,1,16,16:00-17:00,4,0,FOB_SOUTH,bridge,280,36669,4375,29.89,LOW,CALIBRATED_SYNTHETIC_PROTOTYPE
21,6,1,16,16:00-17:00,15,0,EAST_SKYWALK,bridge,280,36669,3040,24.48,LOW,CALIBRATED_SYNTHETIC_PROTOTYPE
21,6,1,16,16:00-17:00,5,0,STAIRS_SOUTH,staircase,150,36669,4852,30.75,MODERATE,CALIBRATED_SYNTHETIC_PROTOTYPE
21,6,1,17,17:00-18:00,7,0,PF5,platform,600,44761,4751,38.81,MODERATE,CALIBRATED_SYNTHETIC_PROTOTYPE
21,6,1,17,17:00-18:00,12,0,PF11,platform,600,44761,4525,40.01,MODERATE,CALIBRATED_SYNTHETIC_PROTOTYPE
21,6,1,17,17:00-18:00,12,0,FOB_CENTRAL,bridge,280,44761,5883,43.78,MODERATE,CALIBRATED_SYNTHETIC_PROTOTYPE
21,6,1,17,17:00-18:00,9,0,FOB_SOUTH,bridge,280,44761,4978,43.75,MODERATE,CALIBRATED_SYNTHETIC_PROTOTYPE
21,6,1,17,17:00-18:00,7,0,EAST_SKYWALK,bridge,280,44761,3711,29.59,LOW,CALIBRATED_SYNTHETIC_PROTOTYPE
21,6,1,17,17:00-18:00,7,0,STAIRS_SOUTH,staircase,150,44761,5521,40.21,MODERATE,CALIBRATED_SYNTHETIC_PROTOTYPE
21,6,1,18,18:00-19:00,5,0,PF5,platform,600,54869,6249,59.11,MODERATE,CALIBRATED_SYNTHETIC_PROTOTYPE
21,6,1,18,18:00-19:00,9,0,PF11,platform,600,54869,5547,55.28,MODERATE,CALIBRATED_SYNTHETIC_PROTOTYPE
21,6,1,18,18:00-19:00,12,0,FOB_CENTRAL,bridge,280,54869,7211,73.21,HIGH,CALIBRATED_SYNTHETIC_PROTOTYPE
21,6,1,18,18:00-19:00,12,0,FOB_SOUTH,bridge,280,54869,6102,55.68,MODERATE,CALIBRATED_SYNTHETIC_PROTOTYPE
21,6,1,18,18:00-19:00,9,0,EAST_SKYWALK,bridge,280,54869,4548,47.65,MODERATE,CALIBRATED_SYNTHETIC_PROTOTYPE
21,6,1,18,18:00-19:00,12,0,STAIRS_SOUTH,staircase,150,54869,6767,64.67,HIGH,CALIBRATED_SYNTHETIC_PROTOTYPE
21,6,1,19,19:00-20:00,2,0,PF5,platform,600,53423,6498,60.11,HIGH,CALIBRATED_SYNTHETIC_PROTOTYPE
21,6,1,19,19:00-20:00,9,0,PF11,platform,600,53423,5401,54.41,MODERATE,CALIBRATED_SYNTHETIC_PROTOTYPE
21,6,1,19,19:00-20:00,5,0,FOB_CENTRAL,bridge,280,53423,7533,67.77,HIGH,CALIBRATED_SYNTHETIC_PROTOTYPE
21,6,1,19,19:00-20:00,4,0,FOB_SOUTH,bridge,280,53423,6374,59.29,MODERATE,CALIBRATED_SYNTHETIC_PROTOTYPE
21,6,1,19,19:00-20:00,7,0,EAST_SKYWALK,bridge,280,53423,4429,38.33,MODERATE,CALIBRATED_SYNTHETIC_PROTOTYPE
21,6,1,19,19:00-20:00,7,0,STAIRS_SOUTH,staircase,150,53423,6589,61.26,HIGH,CALIBRATED_SYNTHETIC_PROTOTYPE
21,6,1,20,20:00-21:00,2,0,PF5,platform,600,41289,5022,42.38,MODERATE,CALIBRATED_SYNTHETIC_PROTOTYPE
21,6,1,20,20:00-21:00,15,0,PF11,platform,600,41289,4174,36.01,MODERATE,CALIBRATED_SYNTHETIC_PROTOTYPE
21,6,1,20,20:00-21:00,7,0,FOB_CENTRAL,bridge,280,41289,5426,41.46,MODERATE,CALIBRATED_SYNTHETIC_PROTOTYPE
21,6,1,20,20:00-21:00,2,0,FOB_SOUTH,bridge,280,41289,5261,42.81,MODERATE,CALIBRATED_SYNTHETIC_PROTOTYPE
21,6,1,20,20:00-21:00,12,0,EAST_SKYWALK,bridge,280,41289,3423,28.32,LOW,CALIBRATED_SYNTHETIC_PROTOTYPE
21,6,1,20,20:00-21:00,9,0,STAIRS_SOUTH,staircase,150,41289,5092,39.25,MODERATE,CALIBRATED_SYNTHETIC_PROTOTYPE
21,6,1,21,21:00-22:00,12,0,PF5,platform,600,29162,3095,12.29,LOW,CALIBRATED_SYNTHETIC_PROTOTYPE
21,6,1,21,21:00-22:00,12,0,PF11,platform,600,29162,2948,18.78,LOW,CALIBRATED_SYNTHETIC_PROTOTYPE
21,6,1,21,21:00-22:00,7,0,FOB_CENTRAL,bridge,280,29162,3832,23.69,LOW,CALIBRATED_SYNTHETIC_PROTOTYPE
21,6,1,21,21:00-22:00,15,0,FOB_SOUTH,bridge,280,29162,3243,14.34,LOW,CALIBRATED_SYNTHETIC_PROTOTYPE
21,6,1,21,21:00-22:00,7,0,EAST_SKYWALK,bridge,280,29162,2417,19.01,LOW,CALIBRATED_SYNTHETIC_PROTOTYPE
21,6,1,21,21:00-22:00,9,0,STAIRS_SOUTH,staircase,150,29162,3597,14.44,LOW,CALIBRATED_SYNTHETIC_PROTOTYPE
22,0,0,8,08:00-09:00,12,0,PF5,platform,600,46473,7001,63.56,HIGH,CALIBRATED_SYNTHETIC_PROTOTYPE
22,0,0,8,08:00-09:00,2,0,PF11,platform,600,46473,7640,62.66,HIGH,CALIBRATED_SYNTHETIC_PROTOTYPE
22,0,0,8,08:00-09:00,5,0,FOB_CENTRAL,bridge,280,46473,9300,77.54,HIGH,CALIBRATED_SYNTHETIC_PROTOTYPE
22,0,0,8,08:00-09:00,7,0,FOB_SOUTH,bridge,280,46473,7335,63.34,HIGH,CALIBRATED_SYNTHETIC_PROTOTYPE
22,0,0,8,08:00-09:00,5,0,EAST_SKYWALK,bridge,280,46473,5866,49.48,MODERATE,CALIBRATED_SYNTHETIC_PROTOTYPE
22,0,0,8,08:00-09:00,7,0,STAIRS_SOUTH,staircase,150,46473,8135,70.71,HIGH,CALIBRATED_SYNTHETIC_PROTOTYPE
22,0,0,9,09:00-10:00,4,0,PF5,platform,600,52261,8447,75.65,HIGH,CALIBRATED_SYNTHETIC_PROTOTYPE
22,0,0,9,09:00-10:00,5,0,PF11,platform,600,52261,8045,73.0,HIGH,CALIBRATED_SYNTHETIC_PROTOTYPE
22,0,0,9,09:00-10:00,4,0,FOB_CENTRAL,bridge,280,52261,10458,94.99,VERY HIGH,CALIBRATED_SYNTHETIC_PROTOTYPE
22,0,0,9,09:00-10:00,12,0,FOB_SOUTH,bridge,280,52261,8248,76.27,HIGH,CALIBRATED_SYNTHETIC_PROTOTYPE
22,0,0,9,09:00-10:00,4,0,EAST_SKYWALK,bridge,280,52261,6597,59.9,MODERATE,CALIBRATED_SYNTHETIC_PROTOTYPE
22,0,0,9,09:00-10:00,5,0,STAIRS_SOUTH,staircase,150,52261,9815,90.28,VERY HIGH,CALIBRATED_SYNTHETIC_PROTOTYPE
22,0,0,10,10:00-11:00,9,0,PF5,platform,600,47359,7135,63.72,HIGH,CALIBRATED_SYNTHETIC_PROTOTYPE
22,0,0,10,10:00-11:00,5,0,PF11,platform,600,47359,7290,67.3,HIGH,CALIBRATED_SYNTHETIC_PROTOTYPE
22,0,0,10,10:00-11:00,7,0,FOB_CENTRAL,bridge,280,47359,8833,77.79,HIGH,CALIBRATED_SYNTHETIC_PROTOTYPE
22,0,0,10,10:00-11:00,4,0,FOB_SOUTH,bridge,280,47359,8019,68.58,HIGH,CALIBRATED_SYNTHETIC_PROTOTYPE
22,0,0,10,10:00-11:00,2,0,EAST_SKYWALK,bridge,280,47359,6384,59.87,MODERATE,CALIBRATED_SYNTHETIC_PROTOTYPE
22,0,0,10,10:00-11:00,7,0,STAIRS_SOUTH,staircase,150,47359,8290,73.16,HIGH,CALIBRATED_SYNTHETIC_PROTOTYPE
22,0,0,11,11:00-12:00,15,0,PF5,platform,600,38983,5873,44.54,MODERATE,CALIBRATED_SYNTHETIC_PROTOTYPE
22,0,0,11,11:00-12:00,2,0,PF11,platform,600,38983,6409,50.81,MODERATE,CALIBRATED_SYNTHETIC_PROTOTYPE
22,0,0,11,11:00-12:00,4,0,FOB_CENTRAL,bridge,280,38983,7801,60.34,HIGH,CALIBRATED_SYNTHETIC_PROTOTYPE
22,0,0,11,11:00-12:00,12,0,FOB_SOUTH,bridge,280,38983,6152,43.16,MODERATE,CALIBRATED_SYNTHETIC_PROTOTYPE
22,0,0,11,11:00-12:00,4,0,EAST_SKYWALK,bridge,280,38983,4921,36.6,MODERATE,CALIBRATED_SYNTHETIC_PROTOTYPE
22,0,0,11,11:00-12:00,4,0,STAIRS_SOUTH,staircase,150,38983,7321,48.55,MODERATE,CALIBRATED_SYNTHETIC_PROTOTYPE
22,0,0,12,12:00-13:00,15,0,PF5,platform,600,34360,5176,36.84,MODERATE,CALIBRATED_SYNTHETIC_PROTOTYPE
22,0,0,12,12:00-13:00,2,0,PF11,platform,600,34360,5649,30.26,MODERATE,CALIBRATED_SYNTHETIC_PROTOTYPE
22,0,0,12,12:00-13:00,7,0,FOB_CENTRAL,bridge,280,34360,6409,37.73,MODERATE,CALIBRATED_SYNTHETIC_PROTOTYPE
22,0,0,12,12:00-13:00,12,0,FOB_SOUTH,bridge,280,34360,5423,34.36,MODERATE,CALIBRATED_SYNTHETIC_PROTOTYPE
22,0,0,12,12:00-13:00,5,0,EAST_SKYWALK,bridge,280,34360,4337,31.83,MODERATE,CALIBRATED_SYNTHETIC_PROTOTYPE
22,0,0,12,12:00-13:00,12,0,STAIRS_SOUTH,staircase,150,34360,6014,41.18,MODERATE,CALIBRATED_SYNTHETIC_PROTOTYPE
22,0,0,13,13:00-14:00,7,0,PF5,platform,600,32337,4872,28.95,LOW,CALIBRATED_SYNTHETIC_PROTOTYPE
22,0,0,13,13:00-14:00,9,0,PF11,platform,600,32337,4640,28.34,LOW,CALIBRATED_SYNTHETIC_PROTOTYPE
22,0,0,13,13:00-14:00,12,0,FOB_CENTRAL,bridge,280,32337,6031,37.87,MODERATE,CALIBRATED_SYNTHETIC_PROTOTYPE
22,0,0,13,13:00-14:00,15,0,FOB_SOUTH,bridge,280,32337,5104,26.54,LOW,CALIBRATED_SYNTHETIC_PROTOTYPE
22,0,0,13,13:00-14:00,2,0,EAST_SKYWALK,bridge,280,32337,4359,29.07,LOW,CALIBRATED_SYNTHETIC_PROTOTYPE
22,0,0,13,13:00-14:00,2,0,STAIRS_SOUTH,staircase,150,32337,6486,38.59,MODERATE,CALIBRATED_SYNTHETIC_PROTOTYPE
22,0,0,14,14:00-15:00,2,0,PF5,platform,600,31476,5433,31.7,MODERATE,CALIBRATED_SYNTHETIC_PROTOTYPE
22,0,0,14,14:00-15:00,9,0,PF11,platform,600,31476,4516,16.76,LOW,CALIBRATED_SYNTHETIC_PROTOTYPE
22,0,0,14,14:00-15:00,4,0,FOB_CENTRAL,bridge,280,31476,6299,35.01,MODERATE,CALIBRATED_SYNTHETIC_PROTOTYPE
22,0,0,14,14:00-15:00,4,0,FOB_SOUTH,bridge,280,31476,5330,29.76,LOW,CALIBRATED_SYNTHETIC_PROTOTYPE
22,0,0,14,14:00-15:00,4,0,EAST_SKYWALK,bridge,280,31476,3973,22.08,LOW,CALIBRATED_SYNTHETIC_PROTOTYPE
22,0,0,14,14:00-15:00,2,0,STAIRS_SOUTH,staircase,150,31476,6313,32.01,MODERATE,CALIBRATED_SYNTHETIC_PROTOTYPE
22,0,0,15,15:00-16:00,9,0,PF5,platform,600,33205,5002,30.63,MODERATE,CALIBRATED_SYNTHETIC_PROTOTYPE
22,0,0,15,15:00-16:00,9,0,PF11,platform,600,33205,4764,29.32,LOW,CALIBRATED_SYNTHETIC_PROTOTYPE
22,0,0,15,15:00-16:00,7,0,FOB_CENTRAL,bridge,280,33205,6193,40.79,MODERATE,CALIBRATED_SYNTHETIC_PROTOTYPE
22,0,0,15,15:00-16:00,2,0,FOB_SOUTH,bridge,280,33205,6005,33.27,MODERATE,CALIBRATED_SYNTHETIC_PROTOTYPE
22,0,0,15,15:00-16:00,2,0,EAST_SKYWALK,bridge,280,33205,4476,31.1,MODERATE,CALIBRATED_SYNTHETIC_PROTOTYPE
22,0,0,15,15:00-16:00,9,0,STAIRS_SOUTH,staircase,150,33205,5812,30.15,MODERATE,CALIBRATED_SYNTHETIC_PROTOTYPE
22,0,0,16,16:00-17:00,12,0,PF5,platform,600,36669,5524,36.31,MODERATE,CALIBRATED_SYNTHETIC_PROTOTYPE
22,0,0,16,16:00-17:00,9,0,PF11,platform,600,36669,5261,35.14,MODERATE,CALIBRATED_SYNTHETIC_PROTOTYPE
22,0,0,16,16:00-17:00,9,0,FOB_CENTRAL,bridge,280,36669,6839,46.63,MODERATE,CALIBRATED_SYNTHETIC_PROTOTYPE
22,0,0,16,16:00-17:00,15,0,FOB_SOUTH,bridge,280,36669,5787,45.41,MODERATE,CALIBRATED_SYNTHETIC_PROTOTYPE
22,0,0,16,16:00-17:00,9,0,EAST_SKYWALK,bridge,280,36669,4314,26.22,LOW,CALIBRATED_SYNTHETIC_PROTOTYPE
22,0,0,16,16:00-17:00,2,0,STAIRS_SOUTH,staircase,150,36669,7355,46.78,MODERATE,CALIBRATED_SYNTHETIC_PROTOTYPE
22,0,0,17,17:00-18:00,12,0,PF5,platform,600,44761,6743,54.53,MODERATE,CALIBRATED_SYNTHETIC_PROTOTYPE
22,0,0,17,17:00-18:00,12,0,PF11,platform,600,44761,6422,53.18,MODERATE,CALIBRATED_SYNTHETIC_PROTOTYPE
22,0,0,17,17:00-18:00,12,0,FOB_CENTRAL,bridge,280,44761,8349,66.4,HIGH,CALIBRATED_SYNTHETIC_PROTOTYPE
22,0,0,17,17:00-18:00,5,0,FOB_SOUTH,bridge,280,44761,7579,62.15,HIGH,CALIBRATED_SYNTHETIC_PROTOTYPE
22,0,0,17,17:00-18:00,5,0,EAST_SKYWALK,bridge,280,44761,5650,51.03,MODERATE,CALIBRATED_SYNTHETIC_PROTOTYPE
22,0,0,17,17:00-18:00,15,0,STAIRS_SOUTH,staircase,150,44761,7835,62.42,HIGH,CALIBRATED_SYNTHETIC_PROTOTYPE
22,0,0,18,18:00-19:00,7,0,PF5,platform,600,54869,8266,75.72,HIGH,CALIBRATED_SYNTHETIC_PROTOTYPE
22,0,0,18,18:00-19:00,9,0,PF11,platform,600,54869,7872,69.16,HIGH,CALIBRATED_SYNTHETIC_PROTOTYPE
22,0,0,18,18:00-19:00,9,0,FOB_CENTRAL,bridge,280,54869,10234,98.0,VERY HIGH,CALIBRATED_SYNTHETIC_PROTOTYPE
22,0,0,18,18:00-19:00,5,0,FOB_SOUTH,bridge,280,54869,9291,91.06,VERY HIGH,CALIBRATED_SYNTHETIC_PROTOTYPE
22,0,0,18,18:00-19:00,15,0,EAST_SKYWALK,bridge,280,54869,6455,60.58,HIGH,CALIBRATED_SYNTHETIC_PROTOTYPE
22,0,0,18,18:00-19:00,4,0,STAIRS_SOUTH,staircase,150,54869,10305,98.0,VERY HIGH,CALIBRATED_SYNTHETIC_PROTOTYPE
22,0,0,19,19:00-20:00,5,0,PF5,platform,600,53423,8635,79.32,HIGH,CALIBRATED_SYNTHETIC_PROTOTYPE
22,0,0,19,19:00-20:00,2,0,PF11,platform,600,53423,8783,77.02,HIGH,CALIBRATED_SYNTHETIC_PROTOTYPE
22,0,0,19,19:00-20:00,7,0,FOB_CENTRAL,bridge,280,53423,9964,96.13,VERY HIGH,CALIBRATED_SYNTHETIC_PROTOTYPE
22,0,0,19,19:00-20:00,4,0,FOB_SOUTH,bridge,280,53423,9046,80.74,VERY HIGH,CALIBRATED_SYNTHETIC_PROTOTYPE
22,0,0,19,19:00-20:00,2,0,EAST_SKYWALK,bridge,280,53423,7202,68.13,HIGH,CALIBRATED_SYNTHETIC_PROTOTYPE
22,0,0,19,19:00-20:00,15,0,STAIRS_SOUTH,staircase,150,53423,9351,89.43,VERY HIGH,CALIBRATED_SYNTHETIC_PROTOTYPE
22,0,0,20,20:00-21:00,9,0,PF5,platform,600,41289,6220,46.18,MODERATE,CALIBRATED_SYNTHETIC_PROTOTYPE
22,0,0,20,20:00-21:00,2,0,PF11,platform,600,41289,6788,47.82,MODERATE,CALIBRATED_SYNTHETIC_PROTOTYPE
22,0,0,20,20:00-21:00,15,0,FOB_CENTRAL,bridge,280,41289,7701,62.42,HIGH,CALIBRATED_SYNTHETIC_PROTOTYPE
22,0,0,20,20:00-21:00,12,0,FOB_SOUTH,bridge,280,41289,6516,48.93,MODERATE,CALIBRATED_SYNTHETIC_PROTOTYPE
22,0,0,20,20:00-21:00,12,0,EAST_SKYWALK,bridge,280,41289,4858,32.23,MODERATE,CALIBRATED_SYNTHETIC_PROTOTYPE
22,0,0,20,20:00-21:00,12,0,STAIRS_SOUTH,staircase,150,41289,7227,61.33,HIGH,CALIBRATED_SYNTHETIC_PROTOTYPE
22,0,0,21,21:00-22:00,15,0,PF5,platform,600,29162,4393,23.82,LOW,CALIBRATED_SYNTHETIC_PROTOTYPE
22,0,0,21,21:00-22:00,7,0,PF11,platform,600,29162,4184,23.39,LOW,CALIBRATED_SYNTHETIC_PROTOTYPE
22,0,0,21,21:00-22:00,12,0,FOB_CENTRAL,bridge,280,29162,5439,25.9,LOW,CALIBRATED_SYNTHETIC_PROTOTYPE
22,0,0,21,21:00-22:00,9,0,FOB_SOUTH,bridge,280,29162,4602,22.04,LOW,CALIBRATED_SYNTHETIC_PROTOTYPE
22,0,0,21,21:00-22:00,7,0,EAST_SKYWALK,bridge,280,29162,3431,24.7,LOW,CALIBRATED_SYNTHETIC_PROTOTYPE
22,0,0,21,21:00-22:00,4,0,STAIRS_SOUTH,staircase,150,29162,5477,28.48,LOW,CALIBRATED_SYNTHETIC_PROTOTYPE
23,1,0,8,08:00-09:00,5,0,PF5,platform,600,46473,8011,65.27,HIGH,CALIBRATED_SYNTHETIC_PROTOTYPE
23,1,0,8,08:00-09:00,7,0,PF11,platform,600,46473,7111,65.15,HIGH,CALIBRATED_SYNTHETIC_PROTOTYPE
23,1,0,8,08:00-09:00,12,0,FOB_CENTRAL,bridge,280,46473,9244,80.33,VERY HIGH,CALIBRATED_SYNTHETIC_PROTOTYPE
23,1,0,8,08:00-09:00,4,0,FOB_SOUTH,bridge,280,46473,8392,74.76,HIGH,CALIBRATED_SYNTHETIC_PROTOTYPE
23,1,0,8,08:00-09:00,9,0,EAST_SKYWALK,bridge,280,46473,5831,50.0,MODERATE,CALIBRATED_SYNTHETIC_PROTOTYPE
23,1,0,8,08:00-09:00,2,0,STAIRS_SOUTH,staircase,150,46473,9941,84.79,VERY HIGH,CALIBRATED_SYNTHETIC_PROTOTYPE
23,1,0,9,09:00-10:00,9,0,PF5,platform,600,52261,8396,75.55,HIGH,CALIBRATED_SYNTHETIC_PROTOTYPE
23,1,0,9,09:00-10:00,5,0,PF11,platform,600,52261,8580,77.62,HIGH,CALIBRATED_SYNTHETIC_PROTOTYPE
23,1,0,9,09:00-10:00,5,0,FOB_CENTRAL,bridge,280,52261,11154,98.0,VERY HIGH,CALIBRATED_SYNTHETIC_PROTOTYPE
23,1,0,9,09:00-10:00,5,0,FOB_SOUTH,bridge,280,52261,9438,84.51,VERY HIGH,CALIBRATED_SYNTHETIC_PROTOTYPE
23,1,0,9,09:00-10:00,7,0,EAST_SKYWALK,bridge,280,52261,6557,63.65,HIGH,CALIBRATED_SYNTHETIC_PROTOTYPE
23,1,0,9,09:00-10:00,9,0,STAIRS_SOUTH,staircase,150,52261,9756,91.82,VERY HIGH,CALIBRATED_SYNTHETIC_PROTOTYPE
23,1,0,10,10:00-11:00,15,0,PF5,platform,600,47359,7609,64.98,HIGH,CALIBRATED_SYNTHETIC_PROTOTYPE
23,1,0,10,10:00-11:00,5,0,PF11,platform,600,47359,7775,68.9,HIGH,CALIBRATED_SYNTHETIC_PROTOTYPE
23,1,0,10,10:00-11:00,7,0,FOB_CENTRAL,bridge,280,47359,9421,80.62,VERY HIGH,CALIBRATED_SYNTHETIC_PROTOTYPE
23,1,0,10,10:00-11:00,2,0,FOB_SOUTH,bridge,280,47359,9134,81.83,VERY HIGH,CALIBRATED_SYNTHETIC_PROTOTYPE
23,1,0,10,10:00-11:00,12,0,EAST_SKYWALK,bridge,280,47359,5942,48.4,MODERATE,CALIBRATED_SYNTHETIC_PROTOTYPE
23,1,0,10,10:00-11:00,5,0,STAIRS_SOUTH,staircase,150,47359,9485,79.4,HIGH,CALIBRATED_SYNTHETIC_PROTOTYPE
23,1,0,11,11:00-12:00,4,0,PF5,platform,600,38983,6720,54.58,MODERATE,CALIBRATED_SYNTHETIC_PROTOTYPE
23,1,0,11,11:00-12:00,2,0,PF11,platform,600,38983,6835,44.5,MODERATE,CALIBRATED_SYNTHETIC_PROTOTYPE
23,1,0,11,11:00-12:00,2,0,FOB_CENTRAL,bridge,280,38983,8885,61.19,HIGH,CALIBRATED_SYNTHETIC_PROTOTYPE
23,1,0,11,11:00-12:00,2,0,FOB_SOUTH,bridge,280,38983,7518,53.37,MODERATE,CALIBRATED_SYNTHETIC_PROTOTYPE
23,1,0,11,11:00-12:00,2,0,EAST_SKYWALK,bridge,280,38983,5605,39.94,MODERATE,CALIBRATED_SYNTHETIC_PROTOTYPE
23,1,0,11,11:00-12:00,4,0,STAIRS_SOUTH,staircase,150,38983,7808,55.8,MODERATE,CALIBRATED_SYNTHETIC_PROTOTYPE
23,1,0,12,12:00-13:00,7,0,PF5,platform,600,34360,5520,33.56,MODERATE,CALIBRATED_SYNTHETIC_PROTOTYPE
23,1,0,12,12:00-13:00,2,0,PF11,platform,600,34360,6024,33.99,MODERATE,CALIBRATED_SYNTHETIC_PROTOTYPE
23,1,0,12,12:00-13:00,5,0,FOB_CENTRAL,bridge,280,34360,7333,48.98,MODERATE,CALIBRATED_SYNTHETIC_PROTOTYPE
23,1,0,12,12:00-13:00,7,0,FOB_SOUTH,bridge,280,34360,5783,39.37,MODERATE,CALIBRATED_SYNTHETIC_PROTOTYPE
23,1,0,12,12:00-13:00,5,0,EAST_SKYWALK,bridge,280,34360,4626,30.36,MODERATE,CALIBRATED_SYNTHETIC_PROTOTYPE
23,1,0,12,12:00-13:00,4,0,STAIRS_SOUTH,staircase,150,34360,6882,45.87,MODERATE,CALIBRATED_SYNTHETIC_PROTOTYPE
23,1,0,13,13:00-14:00,5,0,PF5,platform,600,32337,5574,32.65,MODERATE,CALIBRATED_SYNTHETIC_PROTOTYPE
23,1,0,13,13:00-14:00,2,0,PF11,platform,600,32337,5670,32.84,MODERATE,CALIBRATED_SYNTHETIC_PROTOTYPE
23,1,0,13,13:00-14:00,15,0,FOB_CENTRAL,bridge,280,32337,6432,43.42,MODERATE,CALIBRATED_SYNTHETIC_PROTOTYPE
23,1,0,13,13:00-14:00,15,0,FOB_SOUTH,bridge,280,32337,5443,26.86,LOW,CALIBRATED_SYNTHETIC_PROTOTYPE
23,1,0,13,13:00-14:00,7,0,EAST_SKYWALK,bridge,280,32337,4057,21.0,LOW,CALIBRATED_SYNTHETIC_PROTOTYPE
23,1,0,13,13:00-14:00,15,0,STAIRS_SOUTH,staircase,150,32337,6037,38.27,MODERATE,CALIBRATED_SYNTHETIC_PROTOTYPE
23,1,0,14,14:00-15:00,5,0,PF5,platform,600,31476,5426,27.47,LOW,CALIBRATED_SYNTHETIC_PROTOTYPE
23,1,0,14,14:00-15:00,4,0,PF11,platform,600,31476,5167,30.48,MODERATE,CALIBRATED_SYNTHETIC_PROTOTYPE
23,1,0,14,14:00-15:00,2,0,FOB_CENTRAL,bridge,280,31476,7174,41.93,MODERATE,CALIBRATED_SYNTHETIC_PROTOTYPE
23,1,0,14,14:00-15:00,5,0,FOB_SOUTH,bridge,280,31476,5684,32.6,MODERATE,CALIBRATED_SYNTHETIC_PROTOTYPE
23,1,0,14,14:00-15:00,5,0,EAST_SKYWALK,bridge,280,31476,4237,24.01,LOW,CALIBRATED_SYNTHETIC_PROTOTYPE
23,1,0,14,14:00-15:00,15,0,STAIRS_SOUTH,staircase,150,31476,5876,32.48,MODERATE,CALIBRATED_SYNTHETIC_PROTOTYPE
23,1,0,15,15:00-16:00,5,0,PF5,platform,600,33205,5724,36.56,MODERATE,CALIBRATED_SYNTHETIC_PROTOTYPE
23,1,0,15,15:00-16:00,15,0,PF11,platform,600,33205,5081,33.1,MODERATE,CALIBRATED_SYNTHETIC_PROTOTYPE
23,1,0,15,15:00-16:00,5,0,FOB_CENTRAL,bridge,280,33205,7087,39.97,MODERATE,CALIBRATED_SYNTHETIC_PROTOTYPE
23,1,0,15,15:00-16:00,7,0,FOB_SOUTH,bridge,280,33205,5589,32.29,MODERATE,CALIBRATED_SYNTHETIC_PROTOTYPE
23,1,0,15,15:00-16:00,7,0,EAST_SKYWALK,bridge,280,33205,4166,27.7,LOW,CALIBRATED_SYNTHETIC_PROTOTYPE
23,1,0,15,15:00-16:00,7,0,STAIRS_SOUTH,staircase,150,33205,6199,40.63,MODERATE,CALIBRATED_SYNTHETIC_PROTOTYPE
23,1,0,16,16:00-17:00,5,0,PF5,platform,600,36669,6321,47.85,MODERATE,CALIBRATED_SYNTHETIC_PROTOTYPE
23,1,0,16,16:00-17:00,4,0,PF11,platform,600,36669,6020,45.59,MODERATE,CALIBRATED_SYNTHETIC_PROTOTYPE
23,1,0,16,16:00-17:00,15,0,FOB_CENTRAL,bridge,280,36669,7294,47.8,MODERATE,CALIBRATED_SYNTHETIC_PROTOTYPE
23,1,0,16,16:00-17:00,2,0,FOB_SOUTH,bridge,280,36669,7072,53.46,MODERATE,CALIBRATED_SYNTHETIC_PROTOTYPE
23,1,0,16,16:00-17:00,7,0,EAST_SKYWALK,bridge,280,36669,4601,32.09,MODERATE,CALIBRATED_SYNTHETIC_PROTOTYPE
23,1,0,16,16:00-17:00,2,0,STAIRS_SOUTH,staircase,150,36669,7843,53.03,MODERATE,CALIBRATED_SYNTHETIC_PROTOTYPE
23,1,0,17,17:00-18:00,9,0,PF5,platform,600,44761,7191,55.23,MODERATE,CALIBRATED_SYNTHETIC_PROTOTYPE
23,1,0,17,17:00-18:00,2,0,PF11,platform,600,44761,7848,66.98,HIGH,CALIBRATED_SYNTHETIC_PROTOTYPE
23,1,0,17,17:00-18:00,5,0,FOB_CENTRAL,bridge,280,44761,9553,88.4,VERY HIGH,CALIBRATED_SYNTHETIC_PROTOTYPE
23,1,0,17,17:00-18:00,9,0,FOB_SOUTH,bridge,280,44761,7534,59.22,MODERATE,CALIBRATED_SYNTHETIC_PROTOTYPE
23,1,0,17,17:00-18:00,7,0,EAST_SKYWALK,bridge,280,44761,5616,48.1,MODERATE,CALIBRATED_SYNTHETIC_PROTOTYPE
23,1,0,17,17:00-18:00,9,0,STAIRS_SOUTH,staircase,150,44761,8356,73.88,HIGH,CALIBRATED_SYNTHETIC_PROTOTYPE
23,1,0,18,18:00-19:00,12,0,PF5,platform,600,54869,8815,85.13,VERY HIGH,CALIBRATED_SYNTHETIC_PROTOTYPE
23,1,0,18,18:00-19:00,15,0,PF11,platform,600,54869,8396,73.91,HIGH,CALIBRATED_SYNTHETIC_PROTOTYPE
23,1,0,18,18:00-19:00,12,0,FOB_CENTRAL,bridge,280,54869,10914,98.0,VERY HIGH,CALIBRATED_SYNTHETIC_PROTOTYPE
23,1,0,18,18:00-19:00,5,0,FOB_SOUTH,bridge,280,54869,9909,88.08,VERY HIGH,CALIBRATED_SYNTHETIC_PROTOTYPE
23,1,0,18,18:00-19:00,9,0,EAST_SKYWALK,bridge,280,54869,6884,58.42,MODERATE,CALIBRATED_SYNTHETIC_PROTOTYPE
23,1,0,18,18:00-19:00,2,0,STAIRS_SOUTH,staircase,150,54869,11736,98.0,VERY HIGH,CALIBRATED_SYNTHETIC_PROTOTYPE
23,1,0,19,19:00-20:00,2,0,PF5,platform,600,53423,9835,89.19,VERY HIGH,CALIBRATED_SYNTHETIC_PROTOTYPE
23,1,0,19,19:00-20:00,12,0,PF11,platform,600,53423,8174,77.39,HIGH,CALIBRATED_SYNTHETIC_PROTOTYPE
23,1,0,19,19:00-20:00,12,0,FOB_CENTRAL,bridge,280,53423,10627,98.0,VERY HIGH,CALIBRATED_SYNTHETIC_PROTOTYPE
23,1,0,19,19:00-20:00,5,0,FOB_SOUTH,bridge,280,53423,9648,92.19,VERY HIGH,CALIBRATED_SYNTHETIC_PROTOTYPE
23,1,0,19,19:00-20:00,2,0,EAST_SKYWALK,bridge,280,53423,7681,71.59,HIGH,CALIBRATED_SYNTHETIC_PROTOTYPE
23,1,0,19,19:00-20:00,15,0,STAIRS_SOUTH,staircase,150,53423,9973,93.88,VERY HIGH,CALIBRATED_SYNTHETIC_PROTOTYPE
23,1,0,20,20:00-21:00,2,0,PF5,platform,600,41289,7601,59.4,MODERATE,CALIBRATED_SYNTHETIC_PROTOTYPE
23,1,0,20,20:00-21:00,12,0,PF11,platform,600,41289,6318,47.83,MODERATE,CALIBRATED_SYNTHETIC_PROTOTYPE
23,1,0,20,20:00-21:00,12,0,FOB_CENTRAL,bridge,280,41289,8213,61.27,HIGH,CALIBRATED_SYNTHETIC_PROTOTYPE
23,1,0,20,20:00-21:00,7,0,FOB_SOUTH,bridge,280,41289,6950,55.18,MODERATE,CALIBRATED_SYNTHETIC_PROTOTYPE
23,1,0,20,20:00-21:00,7,0,EAST_SKYWALK,bridge,280,41289,5181,38.21,MODERATE,CALIBRATED_SYNTHETIC_PROTOTYPE
23,1,0,20,20:00-21:00,2,0,STAIRS_SOUTH,staircase,150,41289,8832,66.54,HIGH,CALIBRATED_SYNTHETIC_PROTOTYPE
23,1,0,21,21:00-22:00,15,0,PF5,platform,600,29162,4685,25.88,LOW,CALIBRATED_SYNTHETIC_PROTOTYPE
23,1,0,21,21:00-22:00,2,0,PF11,platform,600,29162,5113,25.27,LOW,CALIBRATED_SYNTHETIC_PROTOTYPE
23,1,0,21,21:00-22:00,15,0,FOB_CENTRAL,bridge,280,29162,5801,30.83,MODERATE,CALIBRATED_SYNTHETIC_PROTOTYPE
23,1,0,21,21:00-22:00,7,0,FOB_SOUTH,bridge,280,29162,4908,22.35,LOW,CALIBRATED_SYNTHETIC_PROTOTYPE
23,1,0,21,21:00-22:00,4,0,EAST_SKYWALK,bridge,280,29162,3926,22.28,LOW,CALIBRATED_SYNTHETIC_PROTOTYPE
23,1,0,21,21:00-22:00,9,0,STAIRS_SOUTH,staircase,150,29162,5444,25.04,LOW,CALIBRATED_SYNTHETIC_PROTOTYPE
24,2,0,8,08:00-09:00,4,0,PF5,platform,600,46473,7884,70.66,HIGH,CALIBRATED_SYNTHETIC_PROTOTYPE
24,2,0,8,08:00-09:00,2,0,PF11,platform,600,46473,8019,68.44,HIGH,CALIBRATED_SYNTHETIC_PROTOTYPE
24,2,0,8,08:00-09:00,5,0,FOB_CENTRAL,bridge,280,46473,9762,84.87,VERY HIGH,CALIBRATED_SYNTHETIC_PROTOTYPE
24,2,0,8,08:00-09:00,12,0,FOB_SOUTH,bridge,280,46473,7699,64.19,HIGH,CALIBRATED_SYNTHETIC_PROTOTYPE
24,2,0,8,08:00-09:00,4,0,EAST_SKYWALK,bridge,280,46473,6157,52.5,MODERATE,CALIBRATED_SYNTHETIC_PROTOTYPE
24,2,0,8,08:00-09:00,12,0,STAIRS_SOUTH,staircase,150,46473,8538,66.1,HIGH,CALIBRATED_SYNTHETIC_PROTOTYPE
24,2,0,9,09:00-10:00,12,0,PF5,platform,600,52261,8264,81.89,VERY HIGH,CALIBRATED_SYNTHETIC_PROTOTYPE
24,2,0,9,09:00-10:00,4,0,PF11,platform,600,52261,8444,82.45,VERY HIGH,CALIBRATED_SYNTHETIC_PROTOTYPE
24,2,0,9,09:00-10:00,4,0,FOB_CENTRAL,bridge,280,52261,10977,97.98,VERY HIGH,CALIBRATED_SYNTHETIC_PROTOTYPE
24,2,0,9,09:00-10:00,2,0,FOB_SOUTH,bridge,280,52261,9920,94.04,VERY HIGH,CALIBRATED_SYNTHETIC_PROTOTYPE
24,2,0,9,09:00-10:00,15,0,EAST_SKYWALK,bridge,280,52261,6454,60.07,HIGH,CALIBRATED_SYNTHETIC_PROTOTYPE
24,2,0,9,09:00-10:00,7,0,STAIRS_SOUTH,staircase,150,52261,9602,84.56,VERY HIGH,CALIBRATED_SYNTHETIC_PROTOTYPE
24,2,0,10,10:00-11:00,9,0,PF5,platform,600,47359,7489,62.68,HIGH,CALIBRATED_SYNTHETIC_PROTOTYPE
24,2,0,10,10:00-11:00,12,0,PF11,platform,600,47359,7132,64.32,HIGH,CALIBRATED_SYNTHETIC_PROTOTYPE
24,2,0,10,10:00-11:00,15,0,FOB_CENTRAL,bridge,280,47359,9272,80.95,VERY HIGH,CALIBRATED_SYNTHETIC_PROTOTYPE
24,2,0,10,10:00-11:00,7,0,FOB_SOUTH,bridge,280,47359,7845,63.74,HIGH,CALIBRATED_SYNTHETIC_PROTOTYPE
24,2,0,10,10:00-11:00,12,0,EAST_SKYWALK,bridge,280,47359,5848,48.3,MODERATE,CALIBRATED_SYNTHETIC_PROTOTYPE
24,2,0,10,10:00-11:00,9,0,STAIRS_SOUTH,staircase,150,47359,8701,77.8,HIGH,CALIBRATED_SYNTHETIC_PROTOTYPE
24,2,0,11,11:00-12:00,12,0,PF5,platform,600,38983,6164,48.49,MODERATE,CALIBRATED_SYNTHETIC_PROTOTYPE
24,2,0,11,11:00-12:00,2,0,PF11,platform,600,38983,6727,47.19,MODERATE,CALIBRATED_SYNTHETIC_PROTOTYPE
24,2,0,11,11:00-12:00,7,0,FOB_CENTRAL,bridge,280,38983,7632,50.81,MODERATE,CALIBRATED_SYNTHETIC_PROTOTYPE
24,2,0,11,11:00-12:00,4,0,FOB_SOUTH,bridge,280,38983,6929,55.2,MODERATE,CALIBRATED_SYNTHETIC_PROTOTYPE
24,2,0,11,11:00-12:00,5,0,EAST_SKYWALK,bridge,280,38983,5165,35.72,MODERATE,CALIBRATED_SYNTHETIC_PROTOTYPE
24,2,0,11,11:00-12:00,12,0,STAIRS_SOUTH,staircase,150,38983,7162,57.58,MODERATE,CALIBRATED_SYNTHETIC_PROTOTYPE
24,2,0,12,12:00-13:00,5,0,PF5,platform,600,34360,5829,37.21,MODERATE,CALIBRATED_SYNTHETIC_PROTOTYPE
24,2,0,12,12:00-13:00,2,0,PF11,platform,600,34360,5929,36.89,MODERATE,CALIBRATED_SYNTHETIC_PROTOTYPE
24,2,0,12,12:00-13:00,5,0,FOB_CENTRAL,bridge,280,34360,7217,46.66,MODERATE,CALIBRATED_SYNTHETIC_PROTOTYPE
24,2,0,12,12:00-13:00,15,0,FOB_SOUTH,bridge,280,34360,5692,41.06,MODERATE,CALIBRATED_SYNTHETIC_PROTOTYPE
24,2,0,12,12:00-13:00,7,0,EAST_SKYWALK,bridge,280,34360,4243,29.21,LOW,CALIBRATED_SYNTHETIC_PROTOTYPE
24,2,0,12,12:00-13:00,4,0,STAIRS_SOUTH,staircase,150,34360,6773,46.66,MODERATE,CALIBRATED_SYNTHETIC_PROTOTYPE
24,2,0,13,13:00-14:00,4,0,PF5,platform,600,32337,5486,34.38,MODERATE,CALIBRATED_SYNTHETIC_PROTOTYPE
24,2,0,13,13:00-14:00,2,0,PF11,platform,600,32337,5580,31.78,MODERATE,CALIBRATED_SYNTHETIC_PROTOTYPE
24,2,0,13,13:00-14:00,5,0,FOB_CENTRAL,bridge,280,32337,6792,33.37,MODERATE,CALIBRATED_SYNTHETIC_PROTOTYPE
24,2,0,13,13:00-14:00,12,0,FOB_SOUTH,bridge,280,32337,5357,28.3,LOW,CALIBRATED_SYNTHETIC_PROTOTYPE
24,2,0,13,13:00-14:00,4,0,EAST_SKYWALK,bridge,280,32337,4284,25.42,LOW,CALIBRATED_SYNTHETIC_PROTOTYPE
24,2,0,13,13:00-14:00,5,0,STAIRS_SOUTH,staircase,150,32337,6374,37.86,MODERATE,CALIBRATED_SYNTHETIC_PROTOTYPE
24,2,0,14,14:00-15:00,12,0,PF5,platform,600,31476,4977,24.13,LOW,CALIBRATED_SYNTHETIC_PROTOTYPE
24,2,0,14,14:00-15:00,15,0,PF11,platform,600,31476,4740,26.52,LOW,CALIBRATED_SYNTHETIC_PROTOTYPE
24,2,0,14,14:00-15:00,7,0,FOB_CENTRAL,bridge,280,31476,6162,32.38,MODERATE,CALIBRATED_SYNTHETIC_PROTOTYPE
24,2,0,14,14:00-15:00,12,0,FOB_SOUTH,bridge,280,31476,5214,29.35,LOW,CALIBRATED_SYNTHETIC_PROTOTYPE
24,2,0,14,14:00-15:00,5,0,EAST_SKYWALK,bridge,280,31476,4170,27.64,LOW,CALIBRATED_SYNTHETIC_PROTOTYPE
24,2,0,14,14:00-15:00,4,0,STAIRS_SOUTH,staircase,150,31476,6205,32.78,MODERATE,CALIBRATED_SYNTHETIC_PROTOTYPE
24,2,0,15,15:00-16:00,12,0,PF5,platform,600,33205,5251,31.84,MODERATE,CALIBRATED_SYNTHETIC_PROTOTYPE
24,2,0,15,15:00-16:00,9,0,PF11,platform,600,33205,5001,33.5,MODERATE,CALIBRATED_SYNTHETIC_PROTOTYPE
24,2,0,15,15:00-16:00,9,0,FOB_CENTRAL,bridge,280,33205,6501,39.45,MODERATE,CALIBRATED_SYNTHETIC_PROTOTYPE
24,2,0,15,15:00-16:00,9,0,FOB_SOUTH,bridge,280,33205,5501,31.71,MODERATE,CALIBRATED_SYNTHETIC_PROTOTYPE
24,2,0,15,15:00-16:00,9,0,EAST_SKYWALK,bridge,280,33205,4100,25.9,LOW,CALIBRATED_SYNTHETIC_PROTOTYPE
24,2,0,15,15:00-16:00,12,0,STAIRS_SOUTH,staircase,150,33205,6101,34.76,MODERATE,CALIBRATED_SYNTHETIC_PROTOTYPE
24,2,0,16,16:00-17:00,5,0,PF5,platform,600,36669,6221,41.04,MODERATE,CALIBRATED_SYNTHETIC_PROTOTYPE
24,2,0,16,16:00-17:00,9,0,PF11,platform,600,36669,5522,44.96,MODERATE,CALIBRATED_SYNTHETIC_PROTOTYPE
24,2,0,16,16:00-17:00,4,0,FOB_CENTRAL,bridge,280,36669,7702,57.72,MODERATE,CALIBRATED_SYNTHETIC_PROTOTYPE
24,2,0,16,16:00-17:00,15,0,FOB_SOUTH,bridge,280,36669,6074,41.28,MODERATE,CALIBRATED_SYNTHETIC_PROTOTYPE
24,2,0,16,16:00-17:00,2,0,EAST_SKYWALK,bridge,280,36669,5189,31.79,MODERATE,CALIBRATED_SYNTHETIC_PROTOTYPE
24,2,0,16,16:00-17:00,12,0,STAIRS_SOUTH,staircase,150,36669,6737,45.09,MODERATE,CALIBRATED_SYNTHETIC_PROTOTYPE
24,2,0,17,17:00-18:00,4,0,PF5,platform,600,44761,7594,67.73,HIGH,CALIBRATED_SYNTHETIC_PROTOTYPE
24,2,0,17,17:00-18:00,4,0,PF11,platform,600,44761,7232,60.64,HIGH,CALIBRATED_SYNTHETIC_PROTOTYPE
24,2,0,17,17:00-18:00,4,0,FOB_CENTRAL,bridge,280,44761,9402,79.89,HIGH,CALIBRATED_SYNTHETIC_PROTOTYPE
24,2,0,17,17:00-18:00,9,0,FOB_SOUTH,bridge,280,44761,7415,66.37,HIGH,CALIBRATED_SYNTHETIC_PROTOTYPE
24,2,0,17,17:00-18:00,4,0,EAST_SKYWALK,bridge,280,44761,5931,56.35,MODERATE,CALIBRATED_SYNTHETIC_PROTOTYPE
24,2,0,17,17:00-18:00,15,0,STAIRS_SOUTH,staircase,150,44761,8224,66.74,HIGH,CALIBRATED_SYNTHETIC_PROTOTYPE
24,2,0,18,18:00-19:00,15,0,PF5,platform,600,54869,8676,78.47,HIGH,CALIBRATED_SYNTHETIC_PROTOTYPE
24,2,0,18,18:00-19:00,5,0,PF11,platform,600,54869,8866,90.88,VERY HIGH,CALIBRATED_SYNTHETIC_PROTOTYPE
24,2,0,18,18:00-19:00,2,0,FOB_CENTRAL,bridge,280,54869,12309,98.0,VERY HIGH,CALIBRATED_SYNTHETIC_PROTOTYPE
24,2,0,18,18:00-19:00,7,0,FOB_SOUTH,bridge,280,54869,9089,89.76,VERY HIGH,CALIBRATED_SYNTHETIC_PROTOTYPE
24,2,0,18,18:00-19:00,2,0,EAST_SKYWALK,bridge,280,54869,7764,79.36,HIGH,CALIBRATED_SYNTHETIC_PROTOTYPE
24,2,0,18,18:00-19:00,12,0,STAIRS_SOUTH,staircase,150,54869,10081,90.75,VERY HIGH,CALIBRATED_SYNTHETIC_PROTOTYPE
24,2,0,19,19:00-20:00,2,0,PF5,platform,600,53423,9680,88.85,VERY HIGH,CALIBRATED_SYNTHETIC_PROTOTYPE
24,2,0,19,19:00-20:00,15,0,PF11,platform,600,53423,8045,69.08,HIGH,CALIBRATED_SYNTHETIC_PROTOTYPE
24,2,0,19,19:00-20:00,2,0,FOB_CENTRAL,bridge,280,53423,11984,98.0,VERY HIGH,CALIBRATED_SYNTHETIC_PROTOTYPE
24,2,0,19,19:00-20:00,9,0,FOB_SOUTH,bridge,280,53423,8850,84.72,VERY HIGH,CALIBRATED_SYNTHETIC_PROTOTYPE
24,2,0,19,19:00-20:00,4,0,EAST_SKYWALK,bridge,280,53423,7078,64.93,HIGH,CALIBRATED_SYNTHETIC_PROTOTYPE
24,2,0,19,19:00-20:00,2,0,STAIRS_SOUTH,staircase,150,53423,11247,98.0,VERY HIGH,CALIBRATED_SYNTHETIC_PROTOTYPE
24,2,0,20,20:00-21:00,12,0,PF5,platform,600,41289,6529,53.62,MODERATE,CALIBRATED_SYNTHETIC_PROTOTYPE
24,2,0,20,20:00-21:00,12,0,PF11,platform,600,41289,6218,46.54,MODERATE,CALIBRATED_SYNTHETIC_PROTOTYPE
24,2,0,20,20:00-21:00,7,0,FOB_CENTRAL,bridge,280,41289,8083,65.89,HIGH,CALIBRATED_SYNTHETIC_PROTOTYPE
24,2,0,20,20:00-21:00,7,0,FOB_SOUTH,bridge,280,41289,6840,54.2,MODERATE,CALIBRATED_SYNTHETIC_PROTOTYPE
24,2,0,20,20:00-21:00,5,0,EAST_SKYWALK,bridge,280,41289,5471,40.85,MODERATE,CALIBRATED_SYNTHETIC_PROTOTYPE
24,2,0,20,20:00-21:00,15,0,STAIRS_SOUTH,staircase,150,41289,7586,52.72,MODERATE,CALIBRATED_SYNTHETIC_PROTOTYPE
24,2,0,21,21:00-22:00,5,0,PF5,platform,600,29162,4948,28.73,LOW,CALIBRATED_SYNTHETIC_PROTOTYPE
24,2,0,21,21:00-22:00,15,0,PF11,platform,600,29162,4392,22.71,LOW,CALIBRATED_SYNTHETIC_PROTOTYPE
24,2,0,21,21:00-22:00,4,0,FOB_CENTRAL,bridge,280,29162,6126,29.48,LOW,CALIBRATED_SYNTHETIC_PROTOTYPE
24,2,0,21,21:00-22:00,2,0,FOB_SOUTH,bridge,280,29162,5535,27.14,LOW,CALIBRATED_SYNTHETIC_PROTOTYPE
24,2,0,21,21:00-22:00,15,0,EAST_SKYWALK,bridge,280,29162,3601,13.56,LOW,CALIBRATED_SYNTHETIC_PROTOTYPE
24,2,0,21,21:00-22:00,15,0,STAIRS_SOUTH,staircase,150,29162,5358,23.71,LOW,CALIBRATED_SYNTHETIC_PROTOTYPE
25,3,0,8,08:00-09:00,5,0,PF5,platform,600,46473,7987,69.82,HIGH,CALIBRATED_SYNTHETIC_PROTOTYPE
25,3,0,8,08:00-09:00,9,0,PF11,platform,600,46473,7089,56.76,MODERATE,CALIBRATED_SYNTHETIC_PROTOTYPE
25,3,0,8,08:00-09:00,9,0,FOB_CENTRAL,bridge,280,46473,9216,81.86,VERY HIGH,CALIBRATED_SYNTHETIC_PROTOTYPE
25,3,0,8,08:00-09:00,9,0,FOB_SOUTH,bridge,280,46473,7798,67.95,HIGH,CALIBRATED_SYNTHETIC_PROTOTYPE
25,3,0,8,08:00-09:00,4,0,EAST_SKYWALK,bridge,280,46473,6237,52.9,MODERATE,CALIBRATED_SYNTHETIC_PROTOTYPE
25,3,0,8,08:00-09:00,5,0,STAIRS_SOUTH,staircase,150,46473,9280,76.62,HIGH,CALIBRATED_SYNTHETIC_PROTOTYPE
25,3,0,9,09:00-10:00,9,0,PF5,platform,600,52261,8371,80.83,VERY HIGH,CALIBRATED_SYNTHETIC_PROTOTYPE
25,3,0,9,09:00-10:00,9,0,PF11,platform,600,52261,7972,73.02,HIGH,CALIBRATED_SYNTHETIC_PROTOTYPE
25,3,0,9,09:00-10:00,4,0,FOB_CENTRAL,bridge,280,52261,11120,98.0,VERY HIGH,CALIBRATED_SYNTHETIC_PROTOTYPE
25,3,0,9,09:00-10:00,4,0,FOB_SOUTH,bridge,280,52261,9409,87.2,VERY HIGH,CALIBRATED_SYNTHETIC_PROTOTYPE
25,3,0,9,09:00-10:00,15,0,EAST_SKYWALK,bridge,280,52261,6537,61.63,HIGH,CALIBRATED_SYNTHETIC_PROTOTYPE
25,3,0,9,09:00-10:00,4,0,STAIRS_SOUTH,staircase,150,52261,10436,97.62,VERY HIGH,CALIBRATED_SYNTHETIC_PROTOTYPE
25,3,0,10,10:00-11:00,12,0,PF5,platform,600,47359,7586,69.82,HIGH,CALIBRATED_SYNTHETIC_PROTOTYPE
25,3,0,10,10:00-11:00,5,0,PF11,platform,600,47359,7751,69.97,HIGH,CALIBRATED_SYNTHETIC_PROTOTYPE
25,3,0,10,10:00-11:00,9,0,FOB_CENTRAL,bridge,280,47359,9392,78.45,HIGH,CALIBRATED_SYNTHETIC_PROTOTYPE
25,3,0,10,10:00-11:00,4,0,FOB_SOUTH,bridge,280,47359,8527,73.45,HIGH,CALIBRATED_SYNTHETIC_PROTOTYPE
25,3,0,10,10:00-11:00,9,0,EAST_SKYWALK,bridge,280,47359,5924,47.78,MODERATE,CALIBRATED_SYNTHETIC_PROTOTYPE
25,3,0,10,10:00-11:00,9,0,STAIRS_SOUTH,staircase,150,47359,8814,74.84,HIGH,CALIBRATED_SYNTHETIC_PROTOTYPE
25,3,0,11,11:00-12:00,4,0,PF5,platform,600,38983,6699,47.24,MODERATE,CALIBRATED_SYNTHETIC_PROTOTYPE
25,3,0,11,11:00-12:00,15,0,PF11,platform,600,38983,5947,42.77,MODERATE,CALIBRATED_SYNTHETIC_PROTOTYPE
25,3,0,11,11:00-12:00,4,0,FOB_CENTRAL,bridge,280,38983,8295,61.58,HIGH,CALIBRATED_SYNTHETIC_PROTOTYPE
25,3,0,11,11:00-12:00,12,0,FOB_SOUTH,bridge,280,38983,6542,55.51,MODERATE,CALIBRATED_SYNTHETIC_PROTOTYPE
25,3,0,11,11:00-12:00,7,0,EAST_SKYWALK,bridge,280,38983,4876,34.98,MODERATE,CALIBRATED_SYNTHETIC_PROTOTYPE
25,3,0,11,11:00-12:00,2,0,STAIRS_SOUTH,staircase,150,38983,8313,61.13,HIGH,CALIBRATED_SYNTHETIC_PROTOTYPE
25,3,0,12,12:00-13:00,2,0,PF5,platform,600,34360,6306,41.48,MODERATE,CALIBRATED_SYNTHETIC_PROTOTYPE
25,3,0,12,12:00-13:00,5,0,PF11,platform,600,34360,5624,42.06,MODERATE,CALIBRATED_SYNTHETIC_PROTOTYPE
25,3,0,12,12:00-13:00,2,0,FOB_CENTRAL,bridge,280,34360,7808,52.32,MODERATE,CALIBRATED_SYNTHETIC_PROTOTYPE
25,3,0,12,12:00-13:00,2,0,FOB_SOUTH,bridge,280,34360,6607,42.71,MODERATE,CALIBRATED_SYNTHETIC_PROTOTYPE
25,3,0,12,12:00-13:00,2,0,EAST_SKYWALK,bridge,280,34360,4925,33.69,MODERATE,CALIBRATED_SYNTHETIC_PROTOTYPE
25,3,0,12,12:00-13:00,12,0,STAIRS_SOUTH,staircase,150,34360,6395,44.54,MODERATE,CALIBRATED_SYNTHETIC_PROTOTYPE
25,3,0,13,13:00-14:00,5,0,PF5,platform,600,32337,5557,32.5,MODERATE,CALIBRATED_SYNTHETIC_PROTOTYPE
25,3,0,13,13:00-14:00,4,0,PF11,platform,600,32337,5293,25.8,LOW,CALIBRATED_SYNTHETIC_PROTOTYPE
25,3,0,13,13:00-14:00,5,0,FOB_CENTRAL,bridge,280,32337,6881,43.42,MODERATE,CALIBRATED_SYNTHETIC_PROTOTYPE
25,3,0,13,13:00-14:00,5,0,FOB_SOUTH,bridge,280,32337,5822,32.68,MODERATE,CALIBRATED_SYNTHETIC_PROTOTYPE
25,3,0,13,13:00-14:00,7,0,EAST_SKYWALK,bridge,280,32337,4045,24.36,LOW,CALIBRATED_SYNTHETIC_PROTOTYPE
25,3,0,13,13:00-14:00,5,0,STAIRS_SOUTH,staircase,150,32337,6457,36.23,MODERATE,CALIBRATED_SYNTHETIC_PROTOTYPE
25,3,0,14,14:00-15:00,12,0,PF5,platform,600,31476,5042,30.52,MODERATE,CALIBRATED_SYNTHETIC_PROTOTYPE
25,3,0,14,14:00-15:00,15,0,PF11,platform,600,31476,4802,23.46,LOW,CALIBRATED_SYNTHETIC_PROTOTYPE
25,3,0,14,14:00-15:00,2,0,FOB_CENTRAL,bridge,280,31476,7152,40.61,MODERATE,CALIBRATED_SYNTHETIC_PROTOTYPE
25,3,0,14,14:00-15:00,15,0,FOB_SOUTH,bridge,280,31476,5282,32.55,MODERATE,CALIBRATED_SYNTHETIC_PROTOTYPE
25,3,0,14,14:00-15:00,2,0,EAST_SKYWALK,bridge,280,31476,4512,23.33,LOW,CALIBRATED_SYNTHETIC_PROTOTYPE
25,3,0,14,14:00-15:00,9,0,STAIRS_SOUTH,staircase,150,31476,5858,35.69,MODERATE,CALIBRATED_SYNTHETIC_PROTOTYPE
25,3,0,15,15:00-16:00,2,0,PF5,platform,600,33205,6094,42.55,MODERATE,CALIBRATED_SYNTHETIC_PROTOTYPE
25,3,0,15,15:00-16:00,4,0,PF11,platform,600,33205,5435,29.66,LOW,CALIBRATED_SYNTHETIC_PROTOTYPE
25,3,0,15,15:00-16:00,5,0,FOB_CENTRAL,bridge,280,33205,7065,41.01,MODERATE,CALIBRATED_SYNTHETIC_PROTOTYPE
25,3,0,15,15:00-16:00,15,0,FOB_SOUTH,bridge,280,33205,5572,39.93,MODERATE,CALIBRATED_SYNTHETIC_PROTOTYPE
25,3,0,15,15:00-16:00,7,0,EAST_SKYWALK,bridge,280,33205,4154,22.22,LOW,CALIBRATED_SYNTHETIC_PROTOTYPE
25,3,0,15,15:00-16:00,15,0,STAIRS_SOUTH,staircase,150,33205,6180,36.02,MODERATE,CALIBRATED_SYNTHETIC_PROTOTYPE
25,3,0,16,16:00-17:00,2,0,PF5,platform,600,36669,6730,49.54,MODERATE,CALIBRATED_SYNTHETIC_PROTOTYPE
25,3,0,16,16:00-17:00,15,0,PF11,platform,600,36669,5594,38.34,MODERATE,CALIBRATED_SYNTHETIC_PROTOTYPE
25,3,0,16,16:00-17:00,2,0,FOB_CENTRAL,bridge,280,36669,8333,59.7,MODERATE,CALIBRATED_SYNTHETIC_PROTOTYPE
25,3,0,16,16:00-17:00,7,0,FOB_SOUTH,bridge,280,36669,6153,42.8,MODERATE,CALIBRATED_SYNTHETIC_PROTOTYPE
25,3,0,16,16:00-17:00,12,0,EAST_SKYWALK,bridge,280,36669,4587,29.17,LOW,CALIBRATED_SYNTHETIC_PROTOTYPE
25,3,0,16,16:00-17:00,7,0,STAIRS_SOUTH,staircase,150,36669,6824,47.74,MODERATE,CALIBRATED_SYNTHETIC_PROTOTYPE
25,3,0,17,17:00-18:00,15,0,PF5,platform,600,44761,7170,64.3,HIGH,CALIBRATED_SYNTHETIC_PROTOTYPE
25,3,0,17,17:00-18:00,2,0,PF11,platform,600,44761,7824,67.22,HIGH,CALIBRATED_SYNTHETIC_PROTOTYPE
25,3,0,17,17:00-18:00,4,0,FOB_CENTRAL,bridge,280,44761,9524,81.23,VERY HIGH,CALIBRATED_SYNTHETIC_PROTOTYPE
25,3,0,17,17:00-18:00,4,0,FOB_SOUTH,bridge,280,44761,8059,64.83,HIGH,CALIBRATED_SYNTHETIC_PROTOTYPE
25,3,0,17,17:00-18:00,9,0,EAST_SKYWALK,bridge,280,44761,5599,43.96,MODERATE,CALIBRATED_SYNTHETIC_PROTOTYPE
25,3,0,17,17:00-18:00,2,0,STAIRS_SOUTH,staircase,150,44761,9545,75.41,HIGH,CALIBRATED_SYNTHETIC_PROTOTYPE
25,3,0,18,18:00-19:00,4,0,PF5,platform,600,54869,9430,89.78,VERY HIGH,CALIBRATED_SYNTHETIC_PROTOTYPE
25,3,0,18,18:00-19:00,9,0,PF11,platform,600,54869,8370,81.27,VERY HIGH,CALIBRATED_SYNTHETIC_PROTOTYPE
25,3,0,18,18:00-19:00,9,0,FOB_CENTRAL,bridge,280,54869,10881,98.0,VERY HIGH,CALIBRATED_SYNTHETIC_PROTOTYPE
25,3,0,18,18:00-19:00,2,0,FOB_SOUTH,bridge,280,54869,10550,98.0,VERY HIGH,CALIBRATED_SYNTHETIC_PROTOTYPE
25,3,0,18,18:00-19:00,7,0,EAST_SKYWALK,bridge,280,54869,6864,66.19,HIGH,CALIBRATED_SYNTHETIC_PROTOTYPE
25,3,0,18,18:00-19:00,12,0,STAIRS_SOUTH,staircase,150,54869,10212,94.45,VERY HIGH,CALIBRATED_SYNTHETIC_PROTOTYPE
25,3,0,19,19:00-20:00,12,0,PF5,platform,600,53423,8557,81.78,VERY HIGH,CALIBRATED_SYNTHETIC_PROTOTYPE
25,3,0,19,19:00-20:00,9,0,PF11,platform,600,53423,8150,73.96,HIGH,CALIBRATED_SYNTHETIC_PROTOTYPE
25,3,0,19,19:00-20:00,2,0,FOB_CENTRAL,bridge,280,53423,12140,98.0,VERY HIGH,CALIBRATED_SYNTHETIC_PROTOTYPE
25,3,0,19,19:00-20:00,2,0,FOB_SOUTH,bridge,280,53423,10272,94.18,VERY HIGH,CALIBRATED_SYNTHETIC_PROTOTYPE
25,3,0,19,19:00-20:00,15,0,EAST_SKYWALK,bridge,280,53423,6683,66.1,HIGH,CALIBRATED_SYNTHETIC_PROTOTYPE
25,3,0,19,19:00-20:00,2,0,STAIRS_SOUTH,staircase,150,53423,11393,98.0,VERY HIGH,CALIBRATED_SYNTHETIC_PROTOTYPE
25,3,0,20,20:00-21:00,15,0,PF5,platform,600,41289,6614,57.23,MODERATE,CALIBRATED_SYNTHETIC_PROTOTYPE
25,3,0,20,20:00-21:00,12,0,PF11,platform,600,41289,6299,48.3,MODERATE,CALIBRATED_SYNTHETIC_PROTOTYPE
25,3,0,20,20:00-21:00,12,0,FOB_CENTRAL,bridge,280,41289,8188,61.15,HIGH,CALIBRATED_SYNTHETIC_PROTOTYPE
25,3,0,20,20:00-21:00,12,0,FOB_SOUTH,bridge,280,41289,6928,53.07,MODERATE,CALIBRATED_SYNTHETIC_PROTOTYPE
25,3,0,20,20:00-21:00,12,0,EAST_SKYWALK,bridge,280,41289,5165,38.88,MODERATE,CALIBRATED_SYNTHETIC_PROTOTYPE
25,3,0,20,20:00-21:00,4,0,STAIRS_SOUTH,staircase,150,41289,8245,65.09,HIGH,CALIBRATED_SYNTHETIC_PROTOTYPE
25,3,0,21,21:00-22:00,7,0,PF5,platform,600,29162,4671,22.53,LOW,CALIBRATED_SYNTHETIC_PROTOTYPE
25,3,0,21,21:00-22:00,12,0,PF11,platform,600,29162,4449,27.11,LOW,CALIBRATED_SYNTHETIC_PROTOTYPE
25,3,0,21,21:00-22:00,4,0,FOB_CENTRAL,bridge,280,29162,6205,31.19,MODERATE,CALIBRATED_SYNTHETIC_PROTOTYPE
25,3,0,21,21:00-22:00,2,0,FOB_SOUTH,bridge,280,29162,5607,24.73,LOW,CALIBRATED_SYNTHETIC_PROTOTYPE
25,3,0,21,21:00-22:00,7,0,EAST_SKYWALK,bridge,280,29162,3648,17.46,LOW,CALIBRATED_SYNTHETIC_PROTOTYPE
25,3,0,21,21:00-22:00,4,0,STAIRS_SOUTH,staircase,150,29162,5823,26.69,LOW,CALIBRATED_SYNTHETIC_PROTOTYPE
26,4,0,8,08:00-09:00,4,0,PF5,platform,600,46473,7688,64.76,HIGH,CALIBRATED_SYNTHETIC_PROTOTYPE
26,4,0,8,08:00-09:00,2,0,PF11,platform,600,46473,7819,62.3,HIGH,CALIBRATED_SYNTHETIC_PROTOTYPE
26,4,0,8,08:00-09:00,7,0,FOB_CENTRAL,bridge,280,46473,8872,75.49,HIGH,CALIBRATED_SYNTHETIC_PROTOTYPE
26,4,0,8,08:00-09:00,4,0,FOB_SOUTH,bridge,280,46473,8054,70.31,HIGH,CALIBRATED_SYNTHETIC_PROTOTYPE
26,4,0,8,08:00-09:00,4,0,EAST_SKYWALK,bridge,280,46473,6004,53.22,MODERATE,CALIBRATED_SYNTHETIC_PROTOTYPE
26,4,0,8,08:00-09:00,4,0,STAIRS_SOUTH,staircase,150,46473,8933,74.23,HIGH,CALIBRATED_SYNTHETIC_PROTOTYPE
26,4,0,9,09:00-10:00,9,0,PF5,platform,600,52261,8058,71.54,HIGH,CALIBRATED_SYNTHETIC_PROTOTYPE
26,4,0,9,09:00-10:00,15,0,PF11,platform,600,52261,7674,68.77,HIGH,CALIBRATED_SYNTHETIC_PROTOTYPE
26,4,0,9,09:00-10:00,12,0,FOB_CENTRAL,bridge,280,52261,9976,88.26,VERY HIGH,CALIBRATED_SYNTHETIC_PROTOTYPE
26,4,0,9,09:00-10:00,5,0,FOB_SOUTH,bridge,280,52261,9057,86.55,VERY HIGH,CALIBRATED_SYNTHETIC_PROTOTYPE
26,4,0,9,09:00-10:00,5,0,EAST_SKYWALK,bridge,280,52261,6752,65.07,HIGH,CALIBRATED_SYNTHETIC_PROTOTYPE
26,4,0,9,09:00-10:00,5,0,STAIRS_SOUTH,staircase,150,52261,10045,92.57,VERY HIGH,CALIBRATED_SYNTHETIC_PROTOTYPE
26,4,0,10,10:00-11:00,5,0,PF5,platform,600,47359,7835,62.41,HIGH,CALIBRATED_SYNTHETIC_PROTOTYPE
26,4,0,10,10:00-11:00,7,0,PF11,platform,600,47359,6954,62.68,HIGH,CALIBRATED_SYNTHETIC_PROTOTYPE
26,4,0,10,10:00-11:00,5,0,FOB_CENTRAL,bridge,280,47359,9700,85.7,VERY HIGH,CALIBRATED_SYNTHETIC_PROTOTYPE
26,4,0,10,10:00-11:00,4,0,FOB_SOUTH,bridge,280,47359,8208,72.06,HIGH,CALIBRATED_SYNTHETIC_PROTOTYPE
26,4,0,10,10:00-11:00,4,0,EAST_SKYWALK,bridge,280,47359,6118,48.38,MODERATE,CALIBRATED_SYNTHETIC_PROTOTYPE
26,4,0,10,10:00-11:00,12,0,STAIRS_SOUTH,staircase,150,47359,8484,71.18,HIGH,CALIBRATED_SYNTHETIC_PROTOTYPE
26,4,0,11,11:00-12:00,4,0,PF5,platform,600,38983,6449,49.48,MODERATE,CALIBRATED_SYNTHETIC_PROTOTYPE
26,4,0,11,11:00-12:00,7,0,PF11,platform,600,38983,5724,37.98,MODERATE,CALIBRATED_SYNTHETIC_PROTOTYPE
26,4,0,11,11:00-12:00,4,0,FOB_CENTRAL,bridge,280,38983,7984,56.53,MODERATE,CALIBRATED_SYNTHETIC_PROTOTYPE
26,4,0,11,11:00-12:00,9,0,FOB_SOUTH,bridge,280,38983,6297,45.22,MODERATE,CALIBRATED_SYNTHETIC_PROTOTYPE
26,4,0,11,11:00-12:00,12,0,EAST_SKYWALK,bridge,280,38983,4694,30.24,MODERATE,CALIBRATED_SYNTHETIC_PROTOTYPE
26,4,0,11,11:00-12:00,5,0,STAIRS_SOUTH,staircase,150,38983,7493,52.62,MODERATE,CALIBRATED_SYNTHETIC_PROTOTYPE
26,4,0,12,12:00-13:00,15,0,PF5,platform,600,34360,5298,30.21,MODERATE,CALIBRATED_SYNTHETIC_PROTOTYPE
26,4,0,12,12:00-13:00,12,0,PF11,platform,600,34360,5046,31.8,MODERATE,CALIBRATED_SYNTHETIC_PROTOTYPE
26,4,0,12,12:00-13:00,15,0,FOB_CENTRAL,bridge,280,34360,6559,37.88,MODERATE,CALIBRATED_SYNTHETIC_PROTOTYPE
26,4,0,12,12:00-13:00,15,0,FOB_SOUTH,bridge,280,34360,5550,34.74,MODERATE,CALIBRATED_SYNTHETIC_PROTOTYPE
26,4,0,12,12:00-13:00,9,0,EAST_SKYWALK,bridge,280,34360,4137,25.1,LOW,CALIBRATED_SYNTHETIC_PROTOTYPE
26,4,0,12,12:00-13:00,9,0,STAIRS_SOUTH,staircase,150,34360,6156,37.49,MODERATE,CALIBRATED_SYNTHETIC_PROTOTYPE
26,4,0,13,13:00-14:00,4,0,PF5,platform,600,32337,5349,30.39,MODERATE,CALIBRATED_SYNTHETIC_PROTOTYPE
26,4,0,13,13:00-14:00,7,0,PF11,platform,600,32337,4748,31.11,MODERATE,CALIBRATED_SYNTHETIC_PROTOTYPE
26,4,0,13,13:00-14:00,15,0,FOB_CENTRAL,bridge,280,32337,6173,35.1,MODERATE,CALIBRATED_SYNTHETIC_PROTOTYPE
26,4,0,13,13:00-14:00,2,0,FOB_SOUTH,bridge,280,32337,5985,36.47,MODERATE,CALIBRATED_SYNTHETIC_PROTOTYPE
26,4,0,13,13:00-14:00,2,0,EAST_SKYWALK,bridge,280,32337,4462,29.18,LOW,CALIBRATED_SYNTHETIC_PROTOTYPE
26,4,0,13,13:00-14:00,4,0,STAIRS_SOUTH,staircase,150,32337,6216,34.74,MODERATE,CALIBRATED_SYNTHETIC_PROTOTYPE
26,4,0,14,14:00-15:00,12,0,PF5,platform,600,31476,4853,27.05,LOW,CALIBRATED_SYNTHETIC_PROTOTYPE
26,4,0,14,14:00-15:00,9,0,PF11,platform,600,31476,4622,28.05,LOW,CALIBRATED_SYNTHETIC_PROTOTYPE
26,4,0,14,14:00-15:00,2,0,FOB_CENTRAL,bridge,280,31476,6885,41.69,MODERATE,CALIBRATED_SYNTHETIC_PROTOTYPE
26,4,0,14,14:00-15:00,2,0,FOB_SOUTH,bridge,280,31476,5826,34.1,MODERATE,CALIBRATED_SYNTHETIC_PROTOTYPE
26,4,0,14,14:00-15:00,9,0,EAST_SKYWALK,bridge,280,31476,3790,24.9,LOW,CALIBRATED_SYNTHETIC_PROTOTYPE
26,4,0,14,14:00-15:00,12,0,STAIRS_SOUTH,staircase,150,31476,5639,38.35,MODERATE,CALIBRATED_SYNTHETIC_PROTOTYPE
26,4,0,15,15:00-16:00,4,0,PF5,platform,600,33205,5493,37.69,MODERATE,CALIBRATED_SYNTHETIC_PROTOTYPE
26,4,0,15,15:00-16:00,7,0,PF11,platform,600,33205,4876,29.92,LOW,CALIBRATED_SYNTHETIC_PROTOTYPE
26,4,0,15,15:00-16:00,15,0,FOB_CENTRAL,bridge,280,33205,6339,33.02,MODERATE,CALIBRATED_SYNTHETIC_PROTOTYPE
26,4,0,15,15:00-16:00,7,0,FOB_SOUTH,bridge,280,33205,5364,33.39,MODERATE,CALIBRATED_SYNTHETIC_PROTOTYPE
26,4,0,15,15:00-16:00,2,0,EAST_SKYWALK,bridge,280,33205,4581,25.12,LOW,CALIBRATED_SYNTHETIC_PROTOTYPE
26,4,0,15,15:00-16:00,15,0,STAIRS_SOUTH,staircase,150,33205,5949,36.0,MODERATE,CALIBRATED_SYNTHETIC_PROTOTYPE
26,4,0,16,16:00-17:00,15,0,PF5,platform,600,36669,5654,35.07,MODERATE,CALIBRATED_SYNTHETIC_PROTOTYPE
26,4,0,16,16:00-17:00,15,0,PF11,platform,600,36669,5385,38.95,MODERATE,CALIBRATED_SYNTHETIC_PROTOTYPE
26,4,0,16,16:00-17:00,15,0,FOB_CENTRAL,bridge,280,36669,7000,46.89,MODERATE,CALIBRATED_SYNTHETIC_PROTOTYPE
26,4,0,16,16:00-17:00,2,0,FOB_SOUTH,bridge,280,36669,6787,51.3,MODERATE,CALIBRATED_SYNTHETIC_PROTOTYPE
26,4,0,16,16:00-17:00,5,0,EAST_SKYWALK,bridge,280,36669,4737,35.26,MODERATE,CALIBRATED_SYNTHETIC_PROTOTYPE
26,4,0,16,16:00-17:00,2,0,STAIRS_SOUTH,staircase,150,36669,7527,50.42,MODERATE,CALIBRATED_SYNTHETIC_PROTOTYPE
26,4,0,17,17:00-18:00,7,0,PF5,platform,600,44761,6901,60.52,HIGH,CALIBRATED_SYNTHETIC_PROTOTYPE
26,4,0,17,17:00-18:00,7,0,PF11,platform,600,44761,6573,56.73,MODERATE,CALIBRATED_SYNTHETIC_PROTOTYPE
26,4,0,17,17:00-18:00,7,0,FOB_CENTRAL,bridge,280,44761,8545,67.4,HIGH,CALIBRATED_SYNTHETIC_PROTOTYPE
26,4,0,17,17:00-18:00,2,0,FOB_SOUTH,bridge,280,44761,8285,72.04,HIGH,CALIBRATED_SYNTHETIC_PROTOTYPE
26,4,0,17,17:00-18:00,2,0,EAST_SKYWALK,bridge,280,44761,6176,51.99,MODERATE,CALIBRATED_SYNTHETIC_PROTOTYPE
26,4,0,17,17:00-18:00,2,0,STAIRS_SOUTH,staircase,150,44761,9188,76.97,HIGH,CALIBRATED_SYNTHETIC_PROTOTYPE
26,4,0,18,18:00-19:00,15,0,PF5,platform,600,54869,8460,81.06,VERY HIGH,CALIBRATED_SYNTHETIC_PROTOTYPE
26,4,0,18,18:00-19:00,7,0,PF11,platform,600,54869,8057,73.71,HIGH,CALIBRATED_SYNTHETIC_PROTOTYPE
26,4,0,18,18:00-19:00,7,0,FOB_CENTRAL,bridge,280,54869,10474,98.0,VERY HIGH,CALIBRATED_SYNTHETIC_PROTOTYPE
26,4,0,18,18:00-19:00,9,0,FOB_SOUTH,bridge,280,54869,8863,84.42,VERY HIGH,CALIBRATED_SYNTHETIC_PROTOTYPE
26,4,0,18,18:00-19:00,2,0,EAST_SKYWALK,bridge,280,54869,7570,71.5,HIGH,CALIBRATED_SYNTHETIC_PROTOTYPE
26,4,0,18,18:00-19:00,12,0,STAIRS_SOUTH,staircase,150,54869,9830,88.8,VERY HIGH,CALIBRATED_SYNTHETIC_PROTOTYPE
26,4,0,19,19:00-20:00,2,0,PF5,platform,600,53423,9438,86.88,VERY HIGH,CALIBRATED_SYNTHETIC_PROTOTYPE
26,4,0,19,19:00-20:00,15,0,PF11,platform,600,53423,7845,74.16,HIGH,CALIBRATED_SYNTHETIC_PROTOTYPE
26,4,0,19,19:00-20:00,2,0,FOB_CENTRAL,bridge,280,53423,11685,98.0,VERY HIGH,CALIBRATED_SYNTHETIC_PROTOTYPE
26,4,0,19,19:00-20:00,4,0,FOB_SOUTH,bridge,280,53423,9259,83.68,VERY HIGH,CALIBRATED_SYNTHETIC_PROTOTYPE
26,4,0,19,19:00-20:00,5,0,EAST_SKYWALK,bridge,280,53423,6902,64.66,HIGH,CALIBRATED_SYNTHETIC_PROTOTYPE
26,4,0,19,19:00-20:00,7,0,STAIRS_SOUTH,staircase,150,53423,9571,85.94,VERY HIGH,CALIBRATED_SYNTHETIC_PROTOTYPE
26,4,0,20,20:00-21:00,15,0,PF5,platform,600,41289,6366,54.23,MODERATE,CALIBRATED_SYNTHETIC_PROTOTYPE
26,4,0,20,20:00-21:00,7,0,PF11,platform,600,41289,6063,45.57,MODERATE,CALIBRATED_SYNTHETIC_PROTOTYPE
26,4,0,20,20:00-21:00,5,0,FOB_CENTRAL,bridge,280,41289,8457,57.36,MODERATE,CALIBRATED_SYNTHETIC_PROTOTYPE
26,4,0,20,20:00-21:00,4,0,FOB_SOUTH,bridge,280,41289,7156,55.4,MODERATE,CALIBRATED_SYNTHETIC_PROTOTYPE
26,4,0,20,20:00-21:00,7,0,EAST_SKYWALK,bridge,280,41289,4972,36.12,MODERATE,CALIBRATED_SYNTHETIC_PROTOTYPE
26,4,0,20,20:00-21:00,9,0,STAIRS_SOUTH,staircase,150,41289,7397,60.64,HIGH,CALIBRATED_SYNTHETIC_PROTOTYPE
26,4,0,21,21:00-22:00,15,0,PF5,platform,600,29162,4496,21.48,LOW,CALIBRATED_SYNTHETIC_PROTOTYPE
26,4,0,21,21:00-22:00,12,0,PF11,platform,600,29162,4282,19.83,LOW,CALIBRATED_SYNTHETIC_PROTOTYPE
26,4,0,21,21:00-22:00,7,0,FOB_CENTRAL,bridge,280,29162,5567,23.86,LOW,CALIBRATED_SYNTHETIC_PROTOTYPE
26,4,0,21,21:00-22:00,2,0,FOB_SOUTH,bridge,280,29162,5397,29.31,LOW,CALIBRATED_SYNTHETIC_PROTOTYPE
26,4,0,21,21:00-22:00,4,0,EAST_SKYWALK,bridge,280,29162,3767,16.15,LOW,CALIBRATED_SYNTHETIC_PROTOTYPE
26,4,0,21,21:00-22:00,7,0,STAIRS_SOUTH,staircase,150,29162,5224,24.38,LOW,CALIBRATED_SYNTHETIC_PROTOTYPE
27,5,1,8,08:00-09:00,7,1,PF5,platform,600,46473,6118,50.5,MODERATE,CALIBRATED_SYNTHETIC_PROTOTYPE
27,5,1,8,08:00-09:00,9,1,PF11,platform,600,46473,5827,53.6,MODERATE,CALIBRATED_SYNTHETIC_PROTOTYPE
27,5,1,8,08:00-09:00,4,1,FOB_CENTRAL,bridge,280,46473,8127,72.32,HIGH,CALIBRATED_SYNTHETIC_PROTOTYPE
27,5,1,8,08:00-09:00,5,1,FOB_SOUTH,bridge,280,46473,6877,54.56,MODERATE,CALIBRATED_SYNTHETIC_PROTOTYPE
27,5,1,8,08:00-09:00,2,1,EAST_SKYWALK,bridge,280,46473,5475,45.46,MODERATE,CALIBRATED_SYNTHETIC_PROTOTYPE
27,5,1,8,08:00-09:00,5,1,STAIRS_SOUTH,staircase,150,46473,7627,61.95,HIGH,CALIBRATED_SYNTHETIC_PROTOTYPE
27,5,1,9,09:00-10:00,5,1,PF5,platform,600,52261,7382,68.77,HIGH,CALIBRATED_SYNTHETIC_PROTOTYPE
27,5,1,9,09:00-10:00,9,1,PF11,platform,600,52261,6552,58.83,MODERATE,CALIBRATED_SYNTHETIC_PROTOTYPE
27,5,1,9,09:00-10:00,2,1,FOB_CENTRAL,bridge,280,52261,9760,88.09,VERY HIGH,CALIBRATED_SYNTHETIC_PROTOTYPE
27,5,1,9,09:00-10:00,15,1,FOB_SOUTH,bridge,280,52261,7208,68.2,HIGH,CALIBRATED_SYNTHETIC_PROTOTYPE
27,5,1,9,09:00-10:00,2,1,EAST_SKYWALK,bridge,280,52261,6157,56.48,MODERATE,CALIBRATED_SYNTHETIC_PROTOTYPE
27,5,1,9,09:00-10:00,4,1,STAIRS_SOUTH,staircase,150,52261,8577,77.62,HIGH,CALIBRATED_SYNTHETIC_PROTOTYPE
27,5,1,10,10:00-11:00,9,1,PF5,platform,600,47359,6235,55.53,MODERATE,CALIBRATED_SYNTHETIC_PROTOTYPE
27,5,1,10,10:00-11:00,2,1,PF11,platform,600,47359,6804,64.98,HIGH,CALIBRATED_SYNTHETIC_PROTOTYPE
27,5,1,10,10:00-11:00,5,1,FOB_CENTRAL,bridge,280,47359,8282,74.49,HIGH,CALIBRATED_SYNTHETIC_PROTOTYPE
27,5,1,10,10:00-11:00,15,1,FOB_SOUTH,bridge,280,47359,6532,65.71,HIGH,CALIBRATED_SYNTHETIC_PROTOTYPE
27,5,1,10,10:00-11:00,7,1,EAST_SKYWALK,bridge,280,47359,4869,43.53,MODERATE,CALIBRATED_SYNTHETIC_PROTOTYPE
27,5,1,10,10:00-11:00,15,1,STAIRS_SOUTH,staircase,150,47359,7244,64.71,HIGH,CALIBRATED_SYNTHETIC_PROTOTYPE
27,5,1,11,11:00-12:00,7,1,PF5,platform,600,38983,5132,36.4,MODERATE,CALIBRATED_SYNTHETIC_PROTOTYPE
27,5,1,11,11:00-12:00,9,1,PF11,platform,600,38983,4888,34.41,MODERATE,CALIBRATED_SYNTHETIC_PROTOTYPE
27,5,1,11,11:00-12:00,7,1,FOB_CENTRAL,bridge,280,38983,6354,46.19,MODERATE,CALIBRATED_SYNTHETIC_PROTOTYPE
27,5,1,11,11:00-12:00,7,1,FOB_SOUTH,bridge,280,38983,5376,39.94,MODERATE,CALIBRATED_SYNTHETIC_PROTOTYPE
27,5,1,11,11:00-12:00,5,1,EAST_SKYWALK,bridge,280,38983,4300,34.2,MODERATE,CALIBRATED_SYNTHETIC_PROTOTYPE
27,5,1,11,11:00-12:00,9,1,STAIRS_SOUTH,staircase,150,38983,5963,43.35,MODERATE,CALIBRATED_SYNTHETIC_PROTOTYPE
27,5,1,12,12:00-13:00,4,1,PF5,platform,600,34360,4853,34.32,MODERATE,CALIBRATED_SYNTHETIC_PROTOTYPE
27,5,1,12,12:00-13:00,12,1,PF11,platform,600,34360,4308,29.77,LOW,CALIBRATED_SYNTHETIC_PROTOTYPE
27,5,1,12,12:00-13:00,12,1,FOB_CENTRAL,bridge,280,34360,5600,34.74,MODERATE,CALIBRATED_SYNTHETIC_PROTOTYPE
27,5,1,12,12:00-13:00,2,1,FOB_SOUTH,bridge,280,34360,5430,35.09,MODERATE,CALIBRATED_SYNTHETIC_PROTOTYPE
27,5,1,12,12:00-13:00,12,1,EAST_SKYWALK,bridge,280,34360,3533,25.24,LOW,CALIBRATED_SYNTHETIC_PROTOTYPE
27,5,1,12,12:00-13:00,2,1,STAIRS_SOUTH,staircase,150,34360,6022,39.22,MODERATE,CALIBRATED_SYNTHETIC_PROTOTYPE
27,5,1,13,13:00-14:00,7,1,PF5,platform,600,32337,4257,25.11,LOW,CALIBRATED_SYNTHETIC_PROTOTYPE
27,5,1,13,13:00-14:00,15,1,PF11,platform,600,32337,4054,21.71,LOW,CALIBRATED_SYNTHETIC_PROTOTYPE
27,5,1,13,13:00-14:00,5,1,FOB_CENTRAL,bridge,280,32337,5655,33.16,MODERATE,CALIBRATED_SYNTHETIC_PROTOTYPE
27,5,1,13,13:00-14:00,7,1,FOB_SOUTH,bridge,280,32337,4460,26.0,LOW,CALIBRATED_SYNTHETIC_PROTOTYPE
27,5,1,13,13:00-14:00,12,1,EAST_SKYWALK,bridge,280,32337,3325,18.27,LOW,CALIBRATED_SYNTHETIC_PROTOTYPE
27,5,1,13,13:00-14:00,2,1,STAIRS_SOUTH,staircase,150,32337,5668,33.34,MODERATE,CALIBRATED_SYNTHETIC_PROTOTYPE
27,5,1,14,14:00-15:00,7,1,PF5,platform,600,31476,4144,22.52,LOW,CALIBRATED_SYNTHETIC_PROTOTYPE
27,5,1,14,14:00-15:00,7,1,PF11,platform,600,31476,3946,23.61,LOW,CALIBRATED_SYNTHETIC_PROTOTYPE
27,5,1,14,14:00-15:00,9,1,FOB_CENTRAL,bridge,280,31476,5130,23.91,LOW,CALIBRATED_SYNTHETIC_PROTOTYPE
27,5,1,14,14:00-15:00,4,1,FOB_SOUTH,bridge,280,31476,4658,25.1,LOW,CALIBRATED_SYNTHETIC_PROTOTYPE
27,5,1,14,14:00-15:00,12,1,EAST_SKYWALK,bridge,280,31476,3236,23.23,LOW,CALIBRATED_SYNTHETIC_PROTOTYPE
27,5,1,14,14:00-15:00,2,1,STAIRS_SOUTH,staircase,150,31476,5517,33.31,MODERATE,CALIBRATED_SYNTHETIC_PROTOTYPE
27,5,1,15,15:00-16:00,7,1,PF5,platform,600,33205,4371,25.89,LOW,CALIBRATED_SYNTHETIC_PROTOTYPE
27,5,1,15,15:00-16:00,5,1,PF11,platform,600,33205,4467,27.94,LOW,CALIBRATED_SYNTHETIC_PROTOTYPE
27,5,1,15,15:00-16:00,5,1,FOB_CENTRAL,bridge,280,33205,5807,36.94,MODERATE,CALIBRATED_SYNTHETIC_PROTOTYPE
27,5,1,15,15:00-16:00,4,1,FOB_SOUTH,bridge,280,33205,4914,27.14,LOW,CALIBRATED_SYNTHETIC_PROTOTYPE
27,5,1,15,15:00-16:00,15,1,EAST_SKYWALK,bridge,280,33205,3414,22.03,LOW,CALIBRATED_SYNTHETIC_PROTOTYPE
27,5,1,15,15:00-16:00,15,1,STAIRS_SOUTH,staircase,150,33205,5079,33.37,MODERATE,CALIBRATED_SYNTHETIC_PROTOTYPE
27,5,1,16,16:00-17:00,12,1,PF5,platform,600,36669,4827,32.23,MODERATE,CALIBRATED_SYNTHETIC_PROTOTYPE
27,5,1,16,16:00-17:00,7,1,PF11,platform,600,36669,4598,23.57,LOW,CALIBRATED_SYNTHETIC_PROTOTYPE
27,5,1,16,16:00-17:00,7,1,FOB_CENTRAL,bridge,280,36669,5977,44.97,MODERATE,CALIBRATED_SYNTHETIC_PROTOTYPE
27,5,1,16,16:00-17:00,4,1,FOB_SOUTH,bridge,280,36669,5426,35.82,MODERATE,CALIBRATED_SYNTHETIC_PROTOTYPE
27,5,1,16,16:00-17:00,15,1,EAST_SKYWALK,bridge,280,36669,3770,26.48,LOW,CALIBRATED_SYNTHETIC_PROTOTYPE
27,5,1,16,16:00-17:00,5,1,STAIRS_SOUTH,staircase,150,36669,6018,41.31,MODERATE,CALIBRATED_SYNTHETIC_PROTOTYPE
27,5,1,17,17:00-18:00,9,1,PF5,platform,600,44761,5893,49.51,MODERATE,CALIBRATED_SYNTHETIC_PROTOTYPE
27,5,1,17,17:00-18:00,9,1,PF11,platform,600,44761,5612,43.76,MODERATE,CALIBRATED_SYNTHETIC_PROTOTYPE
27,5,1,17,17:00-18:00,2,1,FOB_CENTRAL,bridge,280,44761,8360,65.48,HIGH,CALIBRATED_SYNTHETIC_PROTOTYPE
27,5,1,17,17:00-18:00,2,1,FOB_SOUTH,bridge,280,44761,7074,58.75,MODERATE,CALIBRATED_SYNTHETIC_PROTOTYPE
27,5,1,17,17:00-18:00,4,1,EAST_SKYWALK,bridge,280,44761,4938,41.85,MODERATE,CALIBRATED_SYNTHETIC_PROTOTYPE
27,5,1,17,17:00-18:00,5,1,STAIRS_SOUTH,staircase,150,44761,7346,61.29,HIGH,CALIBRATED_SYNTHETIC_PROTOTYPE
27,5,1,18,18:00-19:00,4,1,PF5,platform,600,54869,7750,68.73,HIGH,CALIBRATED_SYNTHETIC_PROTOTYPE
27,5,1,18,18:00-19:00,5,1,PF11,platform,600,54869,7381,65.41,HIGH,CALIBRATED_SYNTHETIC_PROTOTYPE
27,5,1,18,18:00-19:00,12,1,FOB_CENTRAL,bridge,280,54869,8943,84.6,VERY HIGH,CALIBRATED_SYNTHETIC_PROTOTYPE
27,5,1,18,18:00-19:00,7,1,FOB_SOUTH,bridge,280,54869,7567,69.78,HIGH,CALIBRATED_SYNTHETIC_PROTOTYPE
27,5,1,18,18:00-19:00,4,1,EAST_SKYWALK,bridge,280,54869,6053,56.43,MODERATE,CALIBRATED_SYNTHETIC_PROTOTYPE
27,5,1,18,18:00-19:00,15,1,STAIRS_SOUTH,staircase,150,54869,8393,76.52,HIGH,CALIBRATED_SYNTHETIC_PROTOTYPE
27,5,1,19,19:00-20:00,4,1,PF5,platform,600,53423,7546,71.02,HIGH,CALIBRATED_SYNTHETIC_PROTOTYPE
27,5,1,19,19:00-20:00,15,1,PF11,platform,600,53423,6698,63.42,HIGH,CALIBRATED_SYNTHETIC_PROTOTYPE
27,5,1,19,19:00-20:00,4,1,FOB_CENTRAL,bridge,280,53423,9343,85.09,VERY HIGH,CALIBRATED_SYNTHETIC_PROTOTYPE
27,5,1,19,19:00-20:00,7,1,FOB_SOUTH,bridge,280,53423,7368,68.47,HIGH,CALIBRATED_SYNTHETIC_PROTOTYPE
27,5,1,19,19:00-20:00,5,1,EAST_SKYWALK,bridge,280,53423,5893,54.87,MODERATE,CALIBRATED_SYNTHETIC_PROTOTYPE
27,5,1,19,19:00-20:00,5,1,STAIRS_SOUTH,staircase,150,53423,8768,80.23,VERY HIGH,CALIBRATED_SYNTHETIC_PROTOTYPE
27,5,1,20,20:00-21:00,2,1,PF5,platform,600,41289,6228,46.79,MODERATE,CALIBRATED_SYNTHETIC_PROTOTYPE
27,5,1,20,20:00-21:00,9,1,PF11,platform,600,41289,5177,36.94,MODERATE,CALIBRATED_SYNTHETIC_PROTOTYPE
27,5,1,20,20:00-21:00,12,1,FOB_CENTRAL,bridge,280,41289,6730,49.83,MODERATE,CALIBRATED_SYNTHETIC_PROTOTYPE
27,5,1,20,20:00-21:00,15,1,FOB_SOUTH,bridge,280,41289,5695,41.04,MODERATE,CALIBRATED_SYNTHETIC_PROTOTYPE
27,5,1,20,20:00-21:00,12,1,EAST_SKYWALK,bridge,280,41289,4245,34.74,MODERATE,CALIBRATED_SYNTHETIC_PROTOTYPE
27,5,1,20,20:00-21:00,7,1,STAIRS_SOUTH,staircase,150,41289,6316,46.29,MODERATE,CALIBRATED_SYNTHETIC_PROTOTYPE
27,5,1,21,21:00-22:00,9,1,PF5,platform,600,29162,3839,13.22,LOW,CALIBRATED_SYNTHETIC_PROTOTYPE
27,5,1,21,21:00-22:00,7,1,PF11,platform,600,29162,3656,16.42,LOW,CALIBRATED_SYNTHETIC_PROTOTYPE
27,5,1,21,21:00-22:00,4,1,FOB_CENTRAL,bridge,280,29162,5100,27.44,LOW,CALIBRATED_SYNTHETIC_PROTOTYPE
27,5,1,21,21:00-22:00,15,1,FOB_SOUTH,bridge,280,29162,4022,17.55,LOW,CALIBRATED_SYNTHETIC_PROTOTYPE
27,5,1,21,21:00-22:00,5,1,EAST_SKYWALK,bridge,280,29162,3217,11.2,LOW,CALIBRATED_SYNTHETIC_PROTOTYPE
27,5,1,21,21:00-22:00,9,1,STAIRS_SOUTH,staircase,150,29162,4461,18.1,LOW,CALIBRATED_SYNTHETIC_PROTOTYPE
28,6,1,8,08:00-09:00,4,0,PF5,platform,600,46473,5710,47.58,MODERATE,CALIBRATED_SYNTHETIC_PROTOTYPE
28,6,1,8,08:00-09:00,12,0,PF11,platform,600,46473,5068,48.23,MODERATE,CALIBRATED_SYNTHETIC_PROTOTYPE
28,6,1,8,08:00-09:00,12,0,FOB_CENTRAL,bridge,280,46473,6589,56.06,MODERATE,CALIBRATED_SYNTHETIC_PROTOTYPE
28,6,1,8,08:00-09:00,4,0,FOB_SOUTH,bridge,280,46473,5982,44.42,MODERATE,CALIBRATED_SYNTHETIC_PROTOTYPE
28,6,1,8,08:00-09:00,7,0,EAST_SKYWALK,bridge,280,46473,4156,35.82,MODERATE,CALIBRATED_SYNTHETIC_PROTOTYPE
28,6,1,8,08:00-09:00,9,0,STAIRS_SOUTH,staircase,150,46473,6183,51.65,MODERATE,CALIBRATED_SYNTHETIC_PROTOTYPE
28,6,1,9,09:00-10:00,4,0,PF5,platform,600,52261,6421,59.29,MODERATE,CALIBRATED_SYNTHETIC_PROTOTYPE
28,6,1,9,09:00-10:00,12,0,PF11,platform,600,52261,5699,52.8,MODERATE,CALIBRATED_SYNTHETIC_PROTOTYPE
28,6,1,9,09:00-10:00,5,0,FOB_CENTRAL,bridge,280,52261,7950,73.58,HIGH,CALIBRATED_SYNTHETIC_PROTOTYPE
28,6,1,9,09:00-10:00,12,0,FOB_SOUTH,bridge,280,52261,6269,61.39,HIGH,CALIBRATED_SYNTHETIC_PROTOTYPE
28,6,1,9,09:00-10:00,5,0,EAST_SKYWALK,bridge,280,52261,5014,45.81,MODERATE,CALIBRATED_SYNTHETIC_PROTOTYPE
28,6,1,9,09:00-10:00,2,0,STAIRS_SOUTH,staircase,150,52261,7967,76.53,HIGH,CALIBRATED_SYNTHETIC_PROTOTYPE
28,6,1,10,10:00-11:00,2,0,PF5,platform,600,47359,6214,62.14,HIGH,CALIBRATED_SYNTHETIC_PROTOTYPE
28,6,1,10,10:00-11:00,7,0,PF11,platform,600,47359,5165,45.76,MODERATE,CALIBRATED_SYNTHETIC_PROTOTYPE
28,6,1,10,10:00-11:00,9,0,FOB_CENTRAL,bridge,280,47359,6714,59.59,MODERATE,CALIBRATED_SYNTHETIC_PROTOTYPE
28,6,1,10,10:00-11:00,9,0,FOB_SOUTH,bridge,280,47359,5681,54.72,MODERATE,CALIBRATED_SYNTHETIC_PROTOTYPE
28,6,1,10,10:00-11:00,9,0,EAST_SKYWALK,bridge,280,47359,4235,31.78,MODERATE,CALIBRATED_SYNTHETIC_PROTOTYPE
28,6,1,10,10:00-11:00,9,0,STAIRS_SOUTH,staircase,150,47359,6301,58.66,MODERATE,CALIBRATED_SYNTHETIC_PROTOTYPE
28,6,1,11,11:00-12:00,7,0,PF5,platform,600,38983,4464,33.14,MODERATE,CALIBRATED_SYNTHETIC_PROTOTYPE
28,6,1,11,11:00-12:00,15,0,PF11,platform,600,38983,4251,27.42,LOW,CALIBRATED_SYNTHETIC_PROTOTYPE
28,6,1,11,11:00-12:00,12,0,FOB_CENTRAL,bridge,280,38983,5527,38.68,MODERATE,CALIBRATED_SYNTHETIC_PROTOTYPE
28,6,1,11,11:00-12:00,4,0,FOB_SOUTH,bridge,280,38983,5018,37.19,MODERATE,CALIBRATED_SYNTHETIC_PROTOTYPE
28,6,1,11,11:00-12:00,7,0,EAST_SKYWALK,bridge,280,38983,3486,31.4,MODERATE,CALIBRATED_SYNTHETIC_PROTOTYPE
28,6,1,11,11:00-12:00,7,0,STAIRS_SOUTH,staircase,150,38983,5187,44.08,MODERATE,CALIBRATED_SYNTHETIC_PROTOTYPE
28,6,1,12,12:00-13:00,9,0,PF5,platform,600,34360,3935,25.26,LOW,CALIBRATED_SYNTHETIC_PROTOTYPE
28,6,1,12,12:00-13:00,5,0,PF11,platform,600,34360,4020,24.49,LOW,CALIBRATED_SYNTHETIC_PROTOTYPE
28,6,1,12,12:00-13:00,9,0,FOB_CENTRAL,bridge,280,34360,4871,30.05,MODERATE,CALIBRATED_SYNTHETIC_PROTOTYPE
28,6,1,12,12:00-13:00,2,0,FOB_SOUTH,bridge,280,34360,4723,28.82,LOW,CALIBRATED_SYNTHETIC_PROTOTYPE
28,6,1,12,12:00-13:00,15,0,EAST_SKYWALK,bridge,280,34360,3073,17.96,LOW,CALIBRATED_SYNTHETIC_PROTOTYPE
28,6,1,12,12:00-13:00,7,0,STAIRS_SOUTH,staircase,150,34360,4572,29.01,LOW,CALIBRATED_SYNTHETIC_PROTOTYPE
28,6,1,13,13:00-14:00,2,0,PF5,platform,600,32337,4243,26.95,LOW,CALIBRATED_SYNTHETIC_PROTOTYPE
28,6,1,13,13:00-14:00,7,0,PF11,platform,600,32337,3527,26.46,LOW,CALIBRATED_SYNTHETIC_PROTOTYPE
28,6,1,13,13:00-14:00,5,0,FOB_CENTRAL,bridge,280,32337,4919,33.18,MODERATE,CALIBRATED_SYNTHETIC_PROTOTYPE
28,6,1,13,13:00-14:00,12,0,FOB_SOUTH,bridge,280,32337,3879,20.17,LOW,CALIBRATED_SYNTHETIC_PROTOTYPE
28,6,1,13,13:00-14:00,12,0,EAST_SKYWALK,bridge,280,32337,2892,14.1,LOW,CALIBRATED_SYNTHETIC_PROTOTYPE
28,6,1,13,13:00-14:00,4,0,STAIRS_SOUTH,staircase,150,32337,4616,26.34,LOW,CALIBRATED_SYNTHETIC_PROTOTYPE
28,6,1,14,14:00-15:00,12,0,PF5,platform,600,31476,3604,20.54,LOW,CALIBRATED_SYNTHETIC_PROTOTYPE
28,6,1,14,14:00-15:00,7,0,PF11,platform,600,31476,3433,15.03,LOW,CALIBRATED_SYNTHETIC_PROTOTYPE
28,6,1,14,14:00-15:00,2,0,FOB_CENTRAL,bridge,280,31476,5113,24.56,LOW,CALIBRATED_SYNTHETIC_PROTOTYPE
28,6,1,14,14:00-15:00,5,0,FOB_SOUTH,bridge,280,31476,4051,24.21,LOW,CALIBRATED_SYNTHETIC_PROTOTYPE
28,6,1,14,14:00-15:00,15,0,EAST_SKYWALK,bridge,280,31476,2815,19.89,LOW,CALIBRATED_SYNTHETIC_PROTOTYPE
28,6,1,14,14:00-15:00,15,0,STAIRS_SOUTH,staircase,150,31476,4188,17.82,LOW,CALIBRATED_SYNTHETIC_PROTOTYPE
28,6,1,15,15:00-16:00,7,0,PF5,platform,600,33205,3802,25.94,LOW,CALIBRATED_SYNTHETIC_PROTOTYPE
28,6,1,15,15:00-16:00,15,0,PF11,platform,600,33205,3621,17.39,LOW,CALIBRATED_SYNTHETIC_PROTOTYPE
28,6,1,15,15:00-16:00,4,0,FOB_CENTRAL,bridge,280,33205,5051,34.01,MODERATE,CALIBRATED_SYNTHETIC_PROTOTYPE
28,6,1,15,15:00-16:00,7,0,FOB_SOUTH,bridge,280,33205,3983,25.88,LOW,CALIBRATED_SYNTHETIC_PROTOTYPE
28,6,1,15,15:00-16:00,15,0,EAST_SKYWALK,bridge,280,33205,2969,19.89,LOW,CALIBRATED_SYNTHETIC_PROTOTYPE
28,6,1,15,15:00-16:00,7,0,STAIRS_SOUTH,staircase,150,33205,4418,20.46,LOW,CALIBRATED_SYNTHETIC_PROTOTYPE
28,6,1,16,16:00-17:00,5,0,PF5,platform,600,36669,4505,34.46,MODERATE,CALIBRATED_SYNTHETIC_PROTOTYPE
28,6,1,16,16:00-17:00,7,0,PF11,platform,600,36669,3999,27.61,LOW,CALIBRATED_SYNTHETIC_PROTOTYPE
28,6,1,16,16:00-17:00,2,0,FOB_CENTRAL,bridge,280,36669,5957,43.72,MODERATE,CALIBRATED_SYNTHETIC_PROTOTYPE
28,6,1,16,16:00-17:00,15,0,FOB_SOUTH,bridge,280,36669,4399,33.24,MODERATE,CALIBRATED_SYNTHETIC_PROTOTYPE
28,6,1,16,16:00-17:00,5,0,EAST_SKYWALK,bridge,280,36669,3518,26.87,LOW,CALIBRATED_SYNTHETIC_PROTOTYPE
28,6,1,16,16:00-17:00,12,0,STAIRS_SOUTH,staircase,150,36669,4879,36.87,MODERATE,CALIBRATED_SYNTHETIC_PROTOTYPE
28,6,1,17,17:00-18:00,7,0,PF5,platform,600,44761,5126,43.3,MODERATE,CALIBRATED_SYNTHETIC_PROTOTYPE
28,6,1,17,17:00-18:00,12,0,PF11,platform,600,44761,4882,40.75,MODERATE,CALIBRATED_SYNTHETIC_PROTOTYPE
28,6,1,17,17:00-18:00,15,0,FOB_CENTRAL,bridge,280,44761,6346,48.99,MODERATE,CALIBRATED_SYNTHETIC_PROTOTYPE
28,6,1,17,17:00-18:00,2,0,FOB_SOUTH,bridge,280,44761,6153,48.16,MODERATE,CALIBRATED_SYNTHETIC_PROTOTYPE
28,6,1,17,17:00-18:00,4,0,EAST_SKYWALK,bridge,280,44761,4295,36.34,MODERATE,CALIBRATED_SYNTHETIC_PROTOTYPE
28,6,1,17,17:00-18:00,5,0,STAIRS_SOUTH,staircase,150,44761,6390,57.31,MODERATE,CALIBRATED_SYNTHETIC_PROTOTYPE
28,6,1,18,18:00-19:00,5,0,PF5,platform,600,54869,6741,66.8,HIGH,CALIBRATED_SYNTHETIC_PROTOTYPE
28,6,1,18,18:00-19:00,4,0,PF11,platform,600,54869,6420,63.99,HIGH,CALIBRATED_SYNTHETIC_PROTOTYPE
28,6,1,18,18:00-19:00,2,0,FOB_CENTRAL,bridge,280,54869,8914,86.13,VERY HIGH,CALIBRATED_SYNTHETIC_PROTOTYPE
28,6,1,18,18:00-19:00,12,0,FOB_SOUTH,bridge,280,54869,6582,61.55,HIGH,CALIBRATED_SYNTHETIC_PROTOTYPE
28,6,1,18,18:00-19:00,9,0,EAST_SKYWALK,bridge,280,54869,4907,48.34,MODERATE,CALIBRATED_SYNTHETIC_PROTOTYPE
28,6,1,18,18:00-19:00,12,0,STAIRS_SOUTH,staircase,150,54869,7300,65.51,HIGH,CALIBRATED_SYNTHETIC_PROTOTYPE
28,6,1,19,19:00-20:00,15,0,PF5,platform,600,53423,6118,61.97,HIGH,CALIBRATED_SYNTHETIC_PROTOTYPE
28,6,1,19,19:00-20:00,5,0,PF11,platform,600,53423,6251,57.73,MODERATE,CALIBRATED_SYNTHETIC_PROTOTYPE
28,6,1,19,19:00-20:00,5,0,FOB_CENTRAL,bridge,280,53423,8126,77.39,HIGH,CALIBRATED_SYNTHETIC_PROTOTYPE
28,6,1,19,19:00-20:00,5,0,FOB_SOUTH,bridge,280,53423,6876,60.99,HIGH,CALIBRATED_SYNTHETIC_PROTOTYPE
28,6,1,19,19:00-20:00,4,0,EAST_SKYWALK,bridge,280,53423,5126,43.6,MODERATE,CALIBRATED_SYNTHETIC_PROTOTYPE
28,6,1,19,19:00-20:00,12,0,STAIRS_SOUTH,staircase,150,53423,7108,64.39,HIGH,CALIBRATED_SYNTHETIC_PROTOTYPE
28,6,1,20,20:00-21:00,7,0,PF5,platform,600,41289,4728,37.75,MODERATE,CALIBRATED_SYNTHETIC_PROTOTYPE
28,6,1,20,20:00-21:00,15,0,PF11,platform,600,41289,4503,34.02,MODERATE,CALIBRATED_SYNTHETIC_PROTOTYPE
28,6,1,20,20:00-21:00,9,0,FOB_CENTRAL,bridge,280,41289,5854,45.24,MODERATE,CALIBRATED_SYNTHETIC_PROTOTYPE
28,6,1,20,20:00-21:00,5,0,FOB_SOUTH,bridge,280,41289,5314,41.27,MODERATE,CALIBRATED_SYNTHETIC_PROTOTYPE
28,6,1,20,20:00-21:00,15,0,EAST_SKYWALK,bridge,280,41289,3692,26.47,LOW,CALIBRATED_SYNTHETIC_PROTOTYPE
28,6,1,20,20:00-21:00,4,0,STAIRS_SOUTH,staircase,150,41289,5894,45.85,MODERATE,CALIBRATED_SYNTHETIC_PROTOTYPE
28,6,1,21,21:00-22:00,7,0,PF5,platform,600,29162,3339,11.59,LOW,CALIBRATED_SYNTHETIC_PROTOTYPE
28,6,1,21,21:00-22:00,4,0,PF11,platform,600,29162,3412,13.95,LOW,CALIBRATED_SYNTHETIC_PROTOTYPE
28,6,1,21,21:00-22:00,4,0,FOB_CENTRAL,bridge,280,29162,4436,22.87,LOW,CALIBRATED_SYNTHETIC_PROTOTYPE
28,6,1,21,21:00-22:00,4,0,FOB_SOUTH,bridge,280,29162,3753,14.41,LOW,CALIBRATED_SYNTHETIC_PROTOTYPE
28,6,1,21,21:00-22:00,7,0,EAST_SKYWALK,bridge,280,29162,2608,12.43,LOW,CALIBRATED_SYNTHETIC_PROTOTYPE
28,6,1,21,21:00-22:00,9,0,STAIRS_SOUTH,staircase,150,29162,3880,23.68,LOW,CALIBRATED_SYNTHETIC_PROTOTYPE
